Insajin/autopus-adk	deferinloop	pkg/design/fetch.go:95:3
Insajin/autopus-adk	deferinloop	pkg/orchestra/pipeline.go:135:3
Insajin/autopus-adk	goroutineownership	internal/cli/worker_setup_wizard.go:158:2
Insajin/autopus-adk	goroutineownership	pkg/orchestra/progress.go:80:2
Insajin/autopus-adk	goroutineownership	pkg/orchestra/signal_emitter.go:55:2
Insajin/autopus-adk	goroutineownership	pkg/orchestra/surface_manager.go:71:2
Insajin/autopus-adk	goroutineownership	pkg/worker/a2a/rest_poller.go:89:2
Insajin/autopus-adk	goroutineownership	pkg/worker/a2a/ws_transport.go:103:2
Insajin/autopus-adk	goroutineownership	pkg/worker/loop_exec.go:23:3
Insajin/autopus-adk	goroutineownership	pkg/worker/loop_lifecycle.go:34:3
Insajin/autopus-adk	goroutineownership	pkg/worker/loop_lifecycle.go:52:4
Insajin/autopus-adk	goroutineownership	pkg/worker/loop_lifecycle.go:92:3
Insajin/autopus-adk	goroutineownership	pkg/worker/pipeline_phase.go:111:2
Insajin/autopus-adk	goroutineownership	pkg/worker/reaper/reaper.go:60:2
Insajin/autopus-adk	processownership	pkg/adapter/omp/omp_native_task_hub_process_test.go:64:12
Insajin/autopus-adk	processownership	pkg/adapter/omp/omp_rpc_process_test.go:65:12
Insajin/autopus-adk	processownership	pkg/worker/security/emergency_test.go:121:21
Insajin/autopus-adk	processownership	pkg/worker/security/emergency_test.go:148:21
Insajin/autopus-adk	processownership	pkg/worker/security/emergency_test.go:189:21
Insajin/autopus-adk	processownership	pkg/worker/security/emergency_test.go:33:21
Insajin/autopus-adk	processownership	pkg/worker/security/emergency_test.go:47:21
Insajin/autopus-adk	processownership	pkg/worker/security/emergency_test.go:89:21
Insajin/autopus-adk	processownership	pkg/worker/setup/auth.go:39:9
Insajin/autopus-adk	resourcelifetime	internal/cli/worker_start.go:16:18
Insajin/autopus-adk	resourcelifetime	pkg/worker/host/sidecar.go:135:18
hjxwz123/Aivory	goroutineownership	server/cmd/api/main.go:181:2
hjxwz123/Aivory	goroutineownership	server/cmd/api/main.go:85:2
hjxwz123/Aivory	goroutineownership	server/internal/api/admin_backup_async.go:98:2
hjxwz123/Aivory	goroutineownership	server/internal/api/admin_vectors_handlers.go:85:2
hjxwz123/Aivory	goroutineownership	server/internal/api/auth_handlers.go:383:4
hjxwz123/Aivory	goroutineownership	server/internal/api/events_handlers.go:87:3
hjxwz123/Aivory	goroutineownership	server/internal/api/messages_handlers.go:1459:2
hjxwz123/Aivory	goroutineownership	server/internal/api/messages_handlers.go:1470:2
hjxwz123/Aivory	goroutineownership	server/internal/api/messages_handlers.go:1974:2
hjxwz123/Aivory	goroutineownership	server/internal/api/messages_handlers.go:1984:2
hjxwz123/Aivory	goroutineownership	server/internal/api/messages_handlers.go:713:2
hjxwz123/Aivory	goroutineownership	server/internal/api/middleware.go:147:5
hjxwz123/Aivory	goroutineownership	server/internal/api/oauth_handlers.go:944:5
hjxwz123/Aivory	goroutineownership	server/internal/api/router.go:147:2
hjxwz123/Aivory	goroutineownership	server/internal/api/user_delete_async.go:145:2
hjxwz123/Aivory	goroutineownership	server/internal/queue/queue.go:78:3
hjxwz123/Aivory	goroutineownership	server/internal/rag/rag.go:256:3
hjxwz123/Aivory	goroutineownership	server/internal/rag/rag.go:532:2
hjxwz123/Aivory	resourcelifetime	server/internal/store/kbs.go:244:15
infercrane/infercrane	goroutineownership	cmd/infercrane/main.go:4019:2
infercrane/infercrane	goroutineownership	cmd/infercrane/main.go:4033:2
infercrane/infercrane	goroutineownership	cmd/infercrane/main.go:4051:2
infercrane/infercrane	goroutineownership	cmd/infercrane/main.go:4052:2
infercrane/infercrane	goroutineownership	cmd/infercrane/main.go:4061:2
infercrane/infercrane	goroutineownership	cmd/infercrane/main.go:4082:2
infercrane/infercrane	goroutineownership	cmd/infercrane/main.go:4178:3
infercrane/infercrane	goroutineownership	cmd/infercrane/main.go:4193:3
infercrane/infercrane	goroutineownership	cmd/infercrane/main.go:4215:3
infercrane/infercrane	goroutineownership	cmd/infercrane/main.go:4228:4
infercrane/infercrane	goroutineownership	cmd/infercrane/main.go:4247:3
infercrane/infercrane	goroutineownership	cmd/infercrane/main.go:4303:3
infercrane/infercrane	goroutineownership	cmd/infercrane/main.go:4361:3
infercrane/infercrane	goroutineownership	cmd/infercrane/main.go:4511:2
infercrane/infercrane	goroutineownership	cmd/infercrane/main.go:4517:3
infercrane/infercrane	goroutineownership	cmd/infercrane/main.go:4524:2
infercrane/infercrane	goroutineownership	internal/external/budget.go:78:2
infercrane/infercrane	resourcelifetime	internal/modelapirouting/strict_runtime.go:98:19
strelov1/freehire	deferinloop	internal/api/handler/application_writes_test.go:99:3
strelov1/freehire	deferinloop	internal/api/handler/me_experience_test.go:400:3
strelov1/freehire	exitpolicy	cmd/server/main.go:182:3
strelov1/freehire	exitpolicy	cmd/server/main.go:193:3
strelov1/freehire	exitpolicy	cmd/server/main.go:203:3
strelov1/freehire	exitpolicy	cmd/server/main.go:215:3
strelov1/freehire	exitpolicy	cmd/server/main.go:259:4
strelov1/freehire	exitpolicy	cmd/server/main.go:263:4
strelov1/freehire	exitpolicy	cmd/server/main.go:77:3
strelov1/freehire	exitpolicy	cmd/server/main.go:86:3
strelov1/freehire	exitpolicy	internal/platform/worker/main.go:35:2
strelov1/freehire	goroutineownership	internal/api/handler/auth_recovery.go:121:2
strelov1/freehire	goroutineownership	internal/api/handler/discord.go:273:2
strelov1/freehire	goroutineownership	internal/api/handler/gmail.go:356:2
strelov1/freehire	goroutineownership	internal/api/handler/resume.go:322:2
strelov1/freehire	goroutineownership	internal/api/handler/telegram.go:235:2
strelov1/freehire	goroutineownership	internal/platform/observability/observability.go:73:2
