# batch	repository	revision	modules	status
1	future-architect/uzomuzo-oss	0efb5096879fbb45b81a22d5c80e4c62cb722012	.	reviewed
1	SumoLogic/terraform-provider-sumologic	a974c981ac36adc0ac1257e789a837859d0f0f4c	.	reviewed
1	alexwohlbruck/portolan	50bd0105940233f9004fdc15f0336e45bb74fed3	.	reviewed
1	kreuzwerker/terraform-provider-docker	1e48613cd36acab30e9146aae6f036ea8e40a288	.	reviewed
1	agentic-research/mache	ccaf44c3688c12324af57747b6fb0c6a33ca93e0	.	reviewed
1	mercuretechnologies/xprem	810aff84b5e7081ac0a20366849c9356ae932055	.	reviewed
1	stackshy/cloudemu	dba56511db2eca1811383f83674e34c4be73fb29	.	reviewed
1	R3DRUN3/vermilion	09999551b30a8d6bbad27c6258b65da435b60f7d	.	reviewed
1	opendatahub-io/models-as-a-service	d6ffd405c97aee7a4e5e42bb3f50ee89618d8557	maas-api,maas-controller	reviewed
1	stephrobert/feint	270aeb83c264ad109af885bb4e52f598265c5e1f	.	reviewed
