# batch	repository	revision	analyzer	position	check	group	verdict	status	family	evidence	replay
51	clawkwork/clawk	a67d04f102152a67df4228d52da9812aa82ffe50	goroutineownership	internal/cli/reverse_forward.go:174:2	goroutineownership/unjoined	assigned	false-positive	retained-needs-proof	transport-shutdown-completion	serveControl read worker consumes bufio.Reader wrapping exact conn (revfwd.NewReader); caller handle defers conn.Close and installs context-triggered Close, so every return/shutdown unblocks the read and permits gone closure. Candidate: Still reported; existing bounded ownership evidence does not yet resolve this reviewed false positive. Source: https://github.com/clawkwork/clawk/blob/a67d04f102152a67df4228d52da9812aa82ffe50/internal/cli/reverse_forward.go#L174	.build/followup207-goroutines-select-v10/51-clawkwork__clawk-internal_cli.json
51	clawkwork/clawk	a67d04f102152a67df4228d52da9812aa82ffe50	goroutineownership	internal/cli/serial_proxy.go:182:2	goroutineownership/unjoined	assigned	false-positive	retained-needs-proof	transport-shutdown-completion	serveControl read worker consumes bufio.Reader wrapping exact conn (serialfwd.NewReader); caller handle defers conn.Close and installs context-triggered Close, so every return/shutdown unblocks the read and permits gone closure. Candidate: Still reported; existing bounded ownership evidence does not yet resolve this reviewed false positive. Source: https://github.com/clawkwork/clawk/blob/a67d04f102152a67df4228d52da9812aa82ffe50/internal/cli/serial_proxy.go#L182	.build/followup207-goroutines-select-v10/51-clawkwork__clawk-internal_cli.json
51	envoyproxy/ratelimit	8fe6ea421048bdb2a8873d5f676b3f6eac76a997	goroutineownership	test/service/ratelimit_test.go:813:2	goroutineownership/unjoined	previous-false-positive-control	false-positive	control-still-absent	transitive-completion	Worker only sends configUpdateEvent once. NewService is called with forceStart=false and synchronously receives that exact channel at src/service/ratelimit.go:511; GetConfig callback signals barrier and caller waits, so the worker send is consumed before test proceeds. Source: https://github.com/envoyproxy/ratelimit/blob/8fe6ea421048bdb2a8873d5f676b3f6eac76a997/test/service/ratelimit_test.go#L813	.build/followup207-goroutines-select-v10/51-envoyproxy__ratelimit-test_service.json
51	inguardians/peirates	054aee1453b3e3d2779d2ebe0fd888fef8a4e224	goroutineownership	internal/modules/dockersocket/dockersocket_linux_test.go:218:3	goroutineownership/unjoined	assigned	false-positive	verified-absent	transport-shutdown-completion	Input worker copies only from net.Conn; parent defers connection.Close on all paths, including either timeout, unblocking the read and letting worker close inputDone. Missing explicit receive on timeout is not abandoned work. Candidate: Captured interface cell and loaded deferred-close receiver retain the same exact connection identity; unknown, not joined. Source: https://github.com/inguardians/peirates/blob/054aee1453b3e3d2779d2ebe0fd888fef8a4e224/internal/modules/dockersocket/dockersocket_linux_test.go#L218	.build/followup207-goroutines-select-v10/51-inguardians__peirates-internal_modules_dockersocket.json
51	Shopify/ghostferry	317547432f785fb77a0d10fbca12d8af40e39fd3	goroutineownership	ferry.go:728:3	goroutineownership/unjoined	assigned	false-positive	retained-needs-proof	stable-field-guard-correlation	The same private inlineVerifier!=nil condition guards both the worker launch and the later stopInlineVerifier plus inlineVerifierWg.Wait. The field is initialized before Run and never assigned within it; every launched verifier is joined before cutover. Candidate: Still reported; existing bounded ownership evidence does not yet resolve this reviewed false positive. Source: https://github.com/Shopify/ghostferry/blob/317547432f785fb77a0d10fbca12d8af40e39fd3/ferry.go#L728	.build/followup207-goroutines-select-v10/51-Shopify__ghostferry-..json
52	bitrise-io/bitrise	58117d1bea7455d04e74121d68b5d8b7a8a51313	goroutineownership	cli/purr/cmd.go:137:4	goroutineownership/unjoined	assigned	false-positive	retained-needs-proof	process-lifetime-worker	CLI deliberately starts a process-lifetime terminal keypress reader while timer/context may end animation first; nearby comment explicitly documents that read may outlive runPurr until CLI exit. A completion notification is not proof this optional input watcher must be joined; joining would defeat timed command exit. Candidate: Still reported; existing bounded ownership evidence does not yet resolve this reviewed false positive. Source: https://github.com/bitrise-io/bitrise/blob/58117d1bea7455d04e74121d68b5d8b7a8a51313/cli/purr/cmd.go#L137	.build/followup207-goroutines-select-v10/52-bitrise-io__bitrise-cli_purr.json
52	ConduitIO/conduit	9946a19b9fff997675f78bbc5ff437e760d39f4f	goroutineownership	pkg/lifecycle/stream/parallel.go:99:2	goroutineownership/unjoined	assigned	false-positive	verified-absent	alternative-completion	Waiter only waits workerWg then closes workersDone; deferred parent cleanup independently waits same workerWg, so waiter completes without requiring channel receiver or retained join. Candidate: Straight-line Wait/close relay maps exact dependency group; existing parent cleanup independently waits on that same group. Source: https://github.com/ConduitIO/conduit/blob/9946a19b9fff997675f78bbc5ff437e760d39f4f/pkg/lifecycle/stream/parallel.go#L99	.build/followup207-goroutines-select-v10/52-ConduitIO__conduit-pkg_lifecycle_stream.json
52	kadeessh/kadeessh	e573bd46b851aa438794e3776cfd47e0e6da20a8	goroutineownership	internal/ssh/server_test.go:102:2	goroutineownership/unjoined	assigned	false-positive	retained-needs-proof	transitive-completion	TestServerClose intentionally uses100ms timeout as failing-test watchdog; normal shutdown branch receives clientDoneChan. Server.Close closes actual client connections then closeDoneChan releases worker; worker defers session cleanup and completion. Timeout avoids hanging the test under broken shutdown rather than proving abandoned production work. Candidate: Still reported; existing bounded ownership evidence does not yet resolve this reviewed false positive. Source: https://github.com/kadeessh/kadeessh/blob/e573bd46b851aa438794e3776cfd47e0e6da20a8/internal/ssh/server_test.go#L102	.build/followup207-goroutines-select-v10/52-kadeessh__kadeessh-internal_ssh.json
52	mutagen-io/mutagen	6ccfeaaf4dfd261e59ef9aac56e3c157b62e605b	goroutineownership	pkg/integration/protocols/netpipe/synchronization.go:69:2	goroutineownership/unjoined	assigned	false-positive	verified-absent	transitive-completion	Returned waitingSynchronizationEndpoint owns the exact done receive and closes client before waiting during Shutdown. NewEndpoint failure closes the client stream, terminating paired net.Pipe server worker; opaque returned-owner lifecycle is missed. Candidate: Exact net.Pipe opposite endpoint is handed to a participating helper after launch; possible ownership, not a join. Source: https://github.com/mutagen-io/mutagen/blob/6ccfeaaf4dfd261e59ef9aac56e3c157b62e605b/pkg/integration/protocols/netpipe/synchronization.go#L69	.build/followup207-goroutines-select-v10/52-mutagen-io__mutagen-pkg_integration_protocols_netpipe.json
52	tus/tusd	c9d174d0e20c69f24e9785d2f639df4da1c4fdc5	goroutineownership	pkg/s3store/s3store_part_producer_test.go:34:2	goroutineownership/unjoined	previous-false-positive-control	false-positive	control-still-absent	factory-or-registry-signal	newS3PartProducer returns producer plus exact files channel; test ranges that channel until produce closes it. Worker also selects t.Context cancellation on send, bounding fatal-test exit. Returned aggregate/channel alias hides actual completion consumption. Source: https://github.com/tus/tusd/blob/c9d174d0e20c69f24e9785d2f639df4da1c4fdc5/pkg/s3store/s3store_part_producer_test.go#L34	.build/followup207-goroutines-select-v10/52-tus__tusd-pkg_s3store.json
52	yandex-cloud/k8s-csi-s3	cd2d29f0e655e30812c75fa5fb4c212cc04631b4	goroutineownership	pkg/s3/client.go:147:2	goroutineownership/unjoined	assigned	false-positive	retained-needs-proof	transitive-completion	objectsCh is passed to minio v7.0.100 RemoveObjects and caller drains its result channel; dependency ranges input before closing result. Client context is Background. Early listErr return occurs only after worker assigned error and is itself returning; invalid bucket also makes ListObjects return an error without object sends. Separate listErr data race is not evidence of unjoined-worker lifecycle bug. Candidate: Still reported; existing bounded ownership evidence does not yet resolve this reviewed false positive. Source: https://github.com/yandex-cloud/k8s-csi-s3/blob/cd2d29f0e655e30812c75fa5fb4c212cc04631b4/pkg/s3/client.go#L147	.build/followup207-goroutines-select-v10/52-yandex-cloud__k8s-csi-s3-pkg_s3.json
52	zmap/zgrab2	a1231792c51576f1818825fae51db042b4dcd41e	goroutineownership	lib/http2/transport_test.go:5914:2	goroutineownership/unjoined	assigned	false-positive	verified-absent	transport-shutdown-completion	Worker performs one io.Pipe write then closes pipe and completion channel. RoundTrip consumes request body, or cleanupWriteRequest closes that exact reader on unsupported-connect/error; either releases writer. Supported case reads full echoed body. Unused explicit done channel is not a leaking worker. Candidate: Exact io.Pipe opposite endpoint is retained in the request handed to RoundTrip after launch; possible ownership, not a join. Source: https://github.com/zmap/zgrab2/blob/a1231792c51576f1818825fae51db042b4dcd41e/lib/http2/transport_test.go#L5914	.build/followup207-goroutines-select-v10/52-zmap__zgrab2-lib_http2.json
52	zmap/zgrab2	a1231792c51576f1818825fae51db042b4dcd41e	goroutineownership	lib/http2/transport_test.go:5950:2	goroutineownership/unjoined	assigned	false-positive	verified-absent	transport-shutdown-completion	Worker performs one io.Pipe write then closes pipe and completion channel. RoundTrip consumes request body, or cleanupWriteRequest closes that exact reader on unsupported-connect/error; either releases writer. Supported case reads full echoed body. Unused explicit done channel is not a leaking worker. Candidate: Exact io.Pipe opposite endpoint is retained in the request handed to RoundTrip after launch; possible ownership, not a join. Source: https://github.com/zmap/zgrab2/blob/a1231792c51576f1818825fae51db042b4dcd41e/lib/http2/transport_test.go#L5950	.build/followup207-goroutines-select-v10/52-zmap__zgrab2-lib_http2.json
53	containerd/ttrpc	9e62ff76048c2565d85b243f70adc66aeea73290	goroutineownership	stream_full_test.go:209:2	goroutineownership/unjoined	assigned	false-positive	verified-absent	transport-shutdown-completion	The test defers newTestClient's exact connection/client cleanup and server.Close. Closing that transport unblocks the finite worker's SendMsg with an error, which breaks its loop and closes sendDone. The unused completion channel is not proof of an abandoned network writer. Candidate: Visible returned cleanup literal captures and closes the exact sibling client; cleanup of a retained worker owner is unknown. Source: https://github.com/containerd/ttrpc/blob/9e62ff76048c2565d85b243f70adc66aeea73290/stream_full_test.go#L209	.build/followup207-goroutines-select-v10/53-containerd__ttrpc-..json
53	iximiuz/cdebug	6c205f0b663df4dec235f42e905e94b40709159a	goroutineownership	pkg/containerd/client.go:101:2	goroutineownership/unjoined	previous-false-positive-control	false-positive	control-still-absent	cancellation-bound-worker	ImagePullEx always calls exact stopProgress before the error return. Pinned containerd/v2 v2.2.1 ShowProgress selects on that context, sets done, skips further content queries, and returns after its final UI update; success additionally joins progressCh. This is a cancellation-bound progress lifecycle, not an abandoned completion obligation. Source: https://github.com/iximiuz/cdebug/blob/6c205f0b663df4dec235f42e905e94b40709159a/pkg/containerd/client.go#L101	.build/followup207-goroutines-select-v10/53-iximiuz__cdebug-pkg_containerd.json
53	threatexpert/gonc	e14bc6b97efc2150c4e0bbb2bdc89f8548e28fa6	goroutineownership	easyp2p/p2p.go:1467:5	goroutineownership/unjoined	assigned	false-positive	retained-needs-proof	transport-shutdown-completion	The nested punch attempt closes every exact UDP socket before returning, unblocking its readers; workers also have fixed deadlines, and their result sends select on the round context canceled by the enclosing function. The unused wg does not establish indefinite abandonment of this bounded canceled socket lifecycle. Candidate: Still reported; existing bounded ownership evidence does not yet resolve this reviewed false positive. Source: https://github.com/threatexpert/gonc/blob/e14bc6b97efc2150c4e0bbb2bdc89f8548e28fa6/easyp2p/p2p.go#L1467	.build/followup207-goroutines-select-v10/53-threatexpert__gonc-easyp2p.json
53	zkep/my-geektime	a614af742806cfb10f84598c71c0dd668e96549b	goroutineownership	libs/m3u8/downloader.go:249:3	goroutineownership/unjoined	assigned	false-positive	retained-needs-proof	cancellation-bound-worker	The early return is on exact d.ctx cancellation, and every HTTP operation in downloadSegment uses d.ctx; back only appends under a mutex. Each launched worker has its limitChan token supplied before the parent's next cancellation check. Workers have cancellation-bounded I/O and matching token release; no indefinitely abandoned wait obligation is established. Candidate: Still reported; existing bounded ownership evidence does not yet resolve this reviewed false positive. Source: https://github.com/zkep/my-geektime/blob/a614af742806cfb10f84598c71c0dd668e96549b/libs/m3u8/downloader.go#L249	.build/followup207-goroutines-select-v10/53-zkep__my-geektime-libs_m3u8.json
54	jech/galene	6d9338e909fdecdd906150e4dda34e10d9869654	goroutineownership	rtpconn/webclient.go:879:2	goroutineownership/unjoined	previous-false-positive-control	false-positive	control-still-absent	typed-shutdown-protocol	Deferred c.close either observes exact writerDone or queues typed closeMessage to exact writer channel; clientWriter returns on that message, prior writes have deadlines, and worker defer signals done/closes socket. Explicit bounded shutdown protocol, not abandoned worker. Source: https://github.com/jech/galene/blob/6d9338e909fdecdd906150e4dda34e10d9869654/rtpconn/webclient.go#L879	.build/followup207-goroutines-select-v10/54-jech__galene-rtpconn.json
54	murphysecurity/murphysec	59d5cdc9a53a9e7940250aa30ea4434d0e258c40	goroutineownership	module/nuget/nuget_cmd_build.go:611:2	goroutineownership/unjoined	previous-false-positive-control	false-positive	control-still-absent	alternative-completion	Worker explicitly wg.Done after all stderr scanning/logging/mutation, and parent unconditionally wg.Wait before returns. Additional deferred stderrWg.Done is not a distinct unfulfilled work obligation. Source: https://github.com/murphysecurity/murphysec/blob/59d5cdc9a53a9e7940250aa30ea4434d0e258c40/module/nuget/nuget_cmd_build.go#L611	.build/followup207-goroutines-select-v10/54-murphysecurity__murphysec-module_nuget.json
55	abshkbh/arrakis	877231496acbf3b3091ab33340d2d126a251c4d5	goroutineownership	cmd/vsockclient/main.go:58:2	goroutineownership/unjoined	assigned	false-positive	verified-absent	transport-shutdown-completion	Parent installs defer conn.Close immediately after exact net.Dial; reader worker only blocks in bufio.ReadString over that same connection. Parent return closes it and releases worker, which then closes done; missing explicit receive is not abandonment. Candidate: Positive retention summary connects captured buffered reader to exact connection closed by caller; unknown, not joined. Source: https://github.com/abshkbh/arrakis/blob/877231496acbf3b3091ab33340d2d126a251c4d5/cmd/vsockclient/main.go#L58	.build/followup207-goroutines-select-v10/55-abshkbh__arrakis-cmd_vsockclient.json
55	HM2899/grokcli-2api	33a106d902d7627d1cdbc3359768a029112ea808	goroutineownership	internal/proxy/chat_test.go:1086:2	goroutineownership/unjoined	assigned	false-positive	verified-absent	transport-shutdown-completion	Intentional finite delayed pipe producer tests return before remote close. Short mode closes pw; normal hollow timeout guard closes pumped reader, releasing writes, then worker finishes bounded sleep and Close. Test explicitly discards done because waiting would defeat return-latency assertion; no indefinitely abandoned blocking operation. Candidate: Exact io.Pipe opposite endpoint is handed to the guard helper after launch; possible ownership, not a join. Source: https://github.com/HM2899/grokcli-2api/blob/33a106d902d7627d1cdbc3359768a029112ea808/internal/proxy/chat_test.go#L1086	.build/followup207-goroutines-select-v10/55-HM2899__grokcli-2api-internal_proxy.json
55	snyk/driftctl	70717f651c7b951b7e061620666143978dc18068	goroutineownership	main.go:55:3	goroutineownership/unjoined	assigned	false-positive	retained-needs-proof	process-lifetime-worker	The only caller evaluates run as the argument to os.Exit; error returns abandon the optional version notification only at immediate process termination, while success explicitly receives it. Candidate: Still reported; existing bounded ownership evidence does not yet resolve this reviewed false positive. Source: https://github.com/snyk/driftctl/blob/70717f651c7b951b7e061620666143978dc18068/main.go#L55	.build/followup207-goroutines-select-v10/55-snyk__driftctl-..json
55	trustmaster/goflow	bcaec740da3562ed5bf209d88b120c8e7c32a8e2	goroutineownership	dsl/parse/segment_statements_test.go:92:4	goroutineownership/unjoined	previous-false-positive-control	false-positive	control-still-absent	transitive-completion	Main waits goflow.Run component completion. First literal input places EOF last, so SegmentStatements has received every worker send before completion; second input has no EOF and component finishes only after worker closes input. Only nonblocking close/return remains, no abandoned worker operation. Source: https://github.com/trustmaster/goflow/blob/bcaec740da3562ed5bf209d88b120c8e7c32a8e2/dsl/parse/segment_statements_test.go#L92	.build/followup207-goroutines-select-v10/55-trustmaster__goflow-dsl_parse.json
55	trustmaster/goflow	bcaec740da3562ed5bf209d88b120c8e7c32a8e2	goroutineownership	dsl/parse/strip_trivia_test.go:41:2	goroutineownership/unjoined	previous-false-positive-control	false-positive	control-still-absent	transitive-completion	StripTrivia.Process ranges input until closed, forwarding into adequately buffered output. Main receives Run completion after Process returns, causally proving sender finished all sends and closed input. Source: https://github.com/trustmaster/goflow/blob/bcaec740da3562ed5bf209d88b120c8e7c32a8e2/dsl/parse/strip_trivia_test.go#L41	.build/followup207-goroutines-select-v10/55-trustmaster__goflow-dsl_parse.json
51	anyproto/any-sync	cb940c50bc987066b998d05cca16c9c9715cf4a2	goroutineownership	app/ocache/ocache_test.go:1144:4	goroutineownership/unjoined	previous-false-positive-control	false-positive	control-still-absent	factory-or-registry-signal	The worker only closes release. newLoadingCache load callback receives release at967 before Get worker sends getDone at976; test receives getDone at1151, causally ensuring close completed before continuing. Source: https://github.com/anyproto/any-sync/blob/cb940c50bc987066b998d05cca16c9c9715cf4a2/app/ocache/ocache_test.go#L1144	.build/followup207-goroutines-select-v10/51-anyproto__any-sync-app_ocache.json
51	BurntSushi/wingo	33b154361587e65ec35d4499f1cc487835d0ab48	goroutineownership	event/ipc.go:132:2	goroutineownership/unjoined	previous-false-positive-control	false-positive	control-still-absent	per-item-close-not-completion	manageSubscriptions returns script containing all worker control channels; worker services ongoing subscriptions and lifecycle operations through that returned owner, not a local completion obligation. Source: https://github.com/BurntSushi/wingo/blob/33b154361587e65ec35d4499f1cc487835d0ab48/event/ipc.go#L132	.build/followup207-goroutines-select-v10/51-BurntSushi__wingo-event.json
51	flant/shell-operator	56b8fe2aab15716cdf9c05205071395b9e53c401	goroutineownership	pkg/kube_events_manager/factory.go:194:3	goroutineownership/unjoined	previous-false-positive-control	false-positive	control-still-absent	factory-or-registry-signal	FactoryStore.add/get retains factory in c.data before Start launches its worker; done is stored on that retained factory. Stop cancels the exact owner and receives saved done at 249-255, so Start is not the lifetime boundary. Source: https://github.com/flant/shell-operator/blob/56b8fe2aab15716cdf9c05205071395b9e53c401/pkg/kube_events_manager/factory.go#L194	.build/followup207-goroutines-select-v10/51-flant__shell-operator-pkg_kube_events_manager.json
51	lqqyt2423/go-mitmproxy	3f5b4f8ee19d58784c6332ec946f46d3c2b2e73b	goroutineownership	web/conn.go:124:4	goroutineownership/unjoined	previous-false-positive-control	false-positive	control-still-absent	factory-or-registry-signal	initWaitChan retains channel in connection.waitChans; waitIntercept retrieves same per-flow channel and receives edit at184-185. Readloop dispatches to another owned protocol participant rather than locally joining each sender; malformed duplicate edits require separate protocol evidence. Source: https://github.com/lqqyt2423/go-mitmproxy/blob/3f5b4f8ee19d58784c6332ec946f46d3c2b2e73b/web/conn.go#L124	.build/followup207-goroutines-select-v10/51-lqqyt2423__go-mitmproxy-web.json
51	mysteriumnetwork/node	c45527af1ea80300ae3d9c92bd37255335b6140d	goroutineownership	session/pingpong/hermes_promise_handler.go:132:3	goroutineownership/unjoined	previous-false-positive-control	false-positive	control-still-absent	returned-aggregate-projection	RequestPromise's error worker sends on er.errChan and the function immediately returns that exact channel to its caller. This transfers the receive/completion obligation through a local struct field; it is not an abandoned worker. Source: https://github.com/mysteriumnetwork/node/blob/c45527af1ea80300ae3d9c92bd37255335b6140d/session/pingpong/hermes_promise_handler.go#L132	.build/followup207-goroutines-select-v10/51-mysteriumnetwork__node-session_pingpong.json
51	mysteriumnetwork/node	c45527af1ea80300ae3d9c92bd37255335b6140d	goroutineownership	session/pingpong/hermes_promise_handler.go:192:3	goroutineownership/unjoined	previous-false-positive-control	false-positive	control-still-absent	returned-aggregate-projection	PayAndSettle returns the exact er.errChan used by its error-reporting goroutine. The caller receives the completion/error channel; local struct projection loses that ownership transfer in the analyzer. Source: https://github.com/mysteriumnetwork/node/blob/c45527af1ea80300ae3d9c92bd37255335b6140d/session/pingpong/hermes_promise_handler.go#L192	.build/followup207-goroutines-select-v10/51-mysteriumnetwork__node-session_pingpong.json
52	deckarep/golang-set	711c30df0fdf98710a4ca0211e12ef7210967ad3	goroutineownership	threadsafe.go:271:2	goroutineownership/unjoined	previous-false-positive-control	false-positive	control-still-absent	factory-or-registry-signal	newIterator returns an owner containing the exact item and stop channels; this function returns that iterator. Consumer can range C or call Stop, which closes stop and drains C; worker closes C on completion. Returned aggregate lifecycle transfer is missed. Source: https://github.com/deckarep/golang-set/blob/711c30df0fdf98710a4ca0211e12ef7210967ad3/threadsafe.go#L271	.build/followup207-goroutines-select-v10/52-deckarep__golang-set-..json
52	deckarep/golang-set	711c30df0fdf98710a4ca0211e12ef7210967ad3	goroutineownership	threadunsafe.go:264:2	goroutineownership/unjoined	previous-false-positive-control	false-positive	control-still-absent	factory-or-registry-signal	newIterator returns an owner containing the exact item and stop channels; this function returns that iterator. Consumer can range C or call Stop, which closes stop and drains C; worker closes C on completion. Returned aggregate lifecycle transfer is missed. Source: https://github.com/deckarep/golang-set/blob/711c30df0fdf98710a4ca0211e12ef7210967ad3/threadunsafe.go#L264	.build/followup207-goroutines-select-v10/52-deckarep__golang-set-..json
52	inbucket/inbucket	94472ab496822dec612edce7988a1f953a9eafbd	goroutineownership	pkg/msghub/hub_test.go:364:2	goroutineownership/unjoined	previous-false-positive-control	false-positive	control-still-absent	cancellation-bound-worker	Test drains pending hub operations via Sync then calls exact worker context cancel. Hub.Start selects ctx.Done and returns; no further operations can keep this test's idle hub busy. Explicit cancellation releases the worker. Source: https://github.com/inbucket/inbucket/blob/94472ab496822dec612edce7988a1f953a9eafbd/pkg/msghub/hub_test.go#L364	.build/followup207-goroutines-select-v10/52-inbucket__inbucket-pkg_msghub.json
52	vmware/govmomi	f621178aa667761021673d64430b751e8352823c	goroutineownership	vim25/progress/aggregator_test.go:28:3	goroutineownership/unjoined	previous-false-positive-control	false-positive	control-still-absent	factory-or-registry-signal	Accepted upstream sink is drained by Aggregator.loop until producer closes it; parent Done waits aggregator wg after draining. Test consumes expected reports before Done, causally covering producer completion. Source: https://github.com/vmware/govmomi/blob/f621178aa667761021673d64430b751e8352823c/vim25/progress/aggregator_test.go#L28	.build/followup207-goroutines-select-v10/52-vmware__govmomi-vim25_progress.json
52	vmware/govmomi	f621178aa667761021673d64430b751e8352823c	goroutineownership	vim25/progress/aggregator_test.go:51:2	goroutineownership/unjoined	previous-false-positive-control	false-positive	control-still-absent	factory-or-registry-signal	Accepted upstream sink is drained by Aggregator.loop until producer closes it; parent Done waits aggregator wg after draining. Test consumes expected reports before Done, causally covering producer completion. Source: https://github.com/vmware/govmomi/blob/f621178aa667761021673d64430b751e8352823c/vim25/progress/aggregator_test.go#L51	.build/followup207-goroutines-select-v10/52-vmware__govmomi-vim25_progress.json
52	vmware/govmomi	f621178aa667761021673d64430b751e8352823c	goroutineownership	vim25/progress/prefix.go:37:3	goroutineownership/unjoined	previous-false-positive-control	false-positive	control-still-absent	factory-or-registry-signal	Returns upstream input channel to caller; caller owns sending/closing it, which terminates forwarding worker and closes downstream sink. This is transferred stream lifecycle, not abandoned local worker. Source: https://github.com/vmware/govmomi/blob/f621178aa667761021673d64430b751e8352823c/vim25/progress/prefix.go#L37	.build/followup207-goroutines-select-v10/52-vmware__govmomi-vim25_progress.json
52	vmware/govmomi	f621178aa667761021673d64430b751e8352823c	goroutineownership	vim25/progress/scale_test.go:18:4	goroutineownership/unjoined	previous-false-positive-control	false-positive	control-still-absent	factory-or-registry-signal	Accepted upstream sink is drained by Aggregator.loop until producer closes it; parent Done waits aggregator wg after draining. Test consumes expected reports before Done, causally covering producer completion. Source: https://github.com/vmware/govmomi/blob/f621178aa667761021673d64430b751e8352823c/vim25/progress/scale_test.go#L18	.build/followup207-goroutines-select-v10/52-vmware__govmomi-vim25_progress.json
52	vmware/govmomi	f621178aa667761021673d64430b751e8352823c	goroutineownership	vim25/progress/scale.go:27:2	goroutineownership/unjoined	previous-false-positive-control	false-positive	control-still-absent	factory-or-registry-signal	Returns upstream input channel to caller; caller owns sending/closing it, which terminates forwarding worker and closes downstream sink. This is transferred stream lifecycle, not abandoned local worker. Source: https://github.com/vmware/govmomi/blob/f621178aa667761021673d64430b751e8352823c/vim25/progress/scale.go#L27	.build/followup207-goroutines-select-v10/52-vmware__govmomi-vim25_progress.json
52	vmware/govmomi	f621178aa667761021673d64430b751e8352823c	goroutineownership	vim25/progress/tee.go:14:3	goroutineownership/unjoined	previous-false-positive-control	false-positive	control-still-absent	factory-or-registry-signal	Returns upstream input channel to caller; caller owns sending/closing it, which terminates forwarding worker and closes downstream sink. This is transferred stream lifecycle, not abandoned local worker. Source: https://github.com/vmware/govmomi/blob/f621178aa667761021673d64430b751e8352823c/vim25/progress/tee.go#L14	.build/followup207-goroutines-select-v10/52-vmware__govmomi-vim25_progress.json
53	destel/rill	d20890e7c24d8ad194ac4760cacae1d4bbb58642	goroutineownership	internal/core/merge_test.go:45:4	goroutineownership/unjoined	previous-false-positive-control	false-positive	control-still-absent	per-item-close-not-completion	Worker closes all exact input channels after its bounded sends; Merge drains every input, joins its forwarders, then closes output, and ToSlice ranges that output to closure before test continues. This transitive completion is consumed even without a direct receive on the original channel collection. Source: https://github.com/destel/rill/blob/d20890e7c24d8ad194ac4760cacae1d4bbb58642/internal/core/merge_test.go#L45	.build/followup207-goroutines-select-v10/53-destel__rill-internal_core.json
51	Shopify/ghostferry	317547432f785fb77a0d10fbca12d8af40e39fd3	goroutineownership	data_iterator.go:67:3	goroutineownership/unjoined	true-positive-control	true-positive	control-retained	true-positive-control	Run launches workers blocked on tablesQueue before sorter.Sort. A sort error invokes the configurable Fatal handler then returns without closing tablesQueue or waiting; Fatal is not a guaranteed nonreturning contract and the provided handler can return on repeated errors. Source: https://github.com/Shopify/ghostferry/blob/317547432f785fb77a0d10fbca12d8af40e39fd3/data_iterator.go#L67	.build/followup207-goroutines-select-v10/51-Shopify__ghostferry-..json
51	Shopify/ghostferry	317547432f785fb77a0d10fbca12d8af40e39fd3	goroutineownership	test/lib/go/integrationferry/ferry.go:139:2	goroutineownership/unjoined	true-positive-control	true-positive	control-retained	true-positive-control	IntegrationFerry.Main returns if the StatusRowCopyCompleted coordination fails after launching f.Run. This bypasses FlushBinlogAndStopStreaming and wg.Wait; the deferred StopTargetVerifier only stops a separate target verifier, not the launched ferry. Source: https://github.com/Shopify/ghostferry/blob/317547432f785fb77a0d10fbca12d8af40e39fd3/test/lib/go/integrationferry/ferry.go#L139	.build/followup207-goroutines-select-v10/51-Shopify__ghostferry-test_lib_go_integrationferry.json
51	Shopify/ghostferry	317547432f785fb77a0d10fbca12d8af40e39fd3	goroutineownership	test/lib/go/integrationferry/ferry.go:305:2	goroutineownership/unjoined	true-positive-control	true-positive	control-retained	true-positive-control	The callback-enabled integration run likewise returns on StatusRowCopyCompleted failure after launching f.Run, skipping its binlog-stop handshake and WaitGroup join. Its target-verifier defer does not settle the ferry worker. Source: https://github.com/Shopify/ghostferry/blob/317547432f785fb77a0d10fbca12d8af40e39fd3/test/lib/go/integrationferry/ferry.go#L305	.build/followup207-goroutines-select-v10/51-Shopify__ghostferry-test_lib_go_integrationferry.json
51	bluesky-social/indigo	41278964ec8e3253e70d4e919dfb8e34211c543d	goroutineownership	cmd/collectiondir/serve.go:535:4	goroutineownership/unjoined	true-positive-control	true-positive	control-retained	true-positive-control	Timeout path abandons the freshCache receive. If waiter has passed obsolete check it holds statsCacheLock while sending on this unbuffered channel; parent then waits for that lock before marking obsolete, so neither can progress. The completion path is not joined on timeout. Source: https://github.com/bluesky-social/indigo/blob/41278964ec8e3253e70d4e919dfb8e34211c543d/cmd/collectiondir/serve.go#L535	.build/followup207-goroutines-select-v10/51-bluesky-social__indigo-cmd_collectiondir.json
51	c9s/bbgo	4a4a18a08897579d157c8fd3b412309cd4954852	goroutineownership	pkg/optimizer/hpoptimizer.go:254:2	goroutineownership/unjoined	true-positive-control	true-positive	control-retained	true-positive-control	Run launches a consumer ranging trialFinishChan, then returns early if buildStudy fails or eg.Wait reports a non-cancellation error. Those paths neither close trialFinishChan nor join allTrailFinishChan, leaving the consumer blocked indefinitely. Source: https://github.com/c9s/bbgo/blob/4a4a18a08897579d157c8fd3b412309cd4954852/pkg/optimizer/hpoptimizer.go#L254	.build/followup207-goroutines-select-v10/51-c9s__bbgo-pkg_optimizer.json
51	containerd/stargz-snapshotter	624678b4e421947534cbf0618f9609853cccee0f	goroutineownership	store/manager.go:193:2	goroutineownership/unjoined	true-positive-control	true-positive	control-retained	true-positive-control	getLayer launches waiter closing allDone but returns on first result or timeout; multiple workers can send same requested cached layer to unbuffered resultChan after the single receive, blocking workers and wg.Wait forever with no drain/cancellation. Source: https://github.com/containerd/stargz-snapshotter/blob/624678b4e421947534cbf0618f9609853cccee0f/store/manager.go#L193	.build/followup207-goroutines-select-v10/51-containerd__stargz-snapshotter-store.json
51	nanovms/ops	c7148e4d8bfbc441043fb7bd40bfc42b8c336037	goroutineownership	provider/aws/aws_image.go:301:3	goroutineownership/unjoined	true-positive-control	true-positive	control-retained	true-positive-control	Snapshot block workers settle a WaitGroup that is normally waited after the file loop, but a non-EOF f.Read error returns before wg.Wait and channel shutdown. Already launched uploads can continue against shared result state while the result consumer also remains blocked. Source: https://github.com/nanovms/ops/blob/c7148e4d8bfbc441043fb7bd40bfc42b8c336037/provider/aws/aws_image.go#L301	.build/followup207-goroutines-select-v10/51-nanovms__ops-provider_aws.json
51	railwayapp/railpack	21a254ff630ae7b6f12f6742308d412037a97d38	goroutineownership	buildkit/build.go:156:2	goroutineownership/unjoined	true-positive-control	true-positive	control-retained	true-positive-control	Progress worker ultimately sends on unbuffered progressDone, but subsequent fsutil.NewFS failure returns before its receive; status ch is not closed on that early path, so display/forwarding can remain blocked and no owner is transferred. Source: https://github.com/railwayapp/railpack/blob/21a254ff630ae7b6f12f6742308d412037a97d38/buildkit/build.go#L156	.build/followup207-goroutines-select-v10/51-railwayapp__railpack-buildkit.json
51	readytotouch/readytotouch	c5c59edb70b91e3ed71010e41e4679e9c4595a0d	goroutineownership	internal/oauth-providers/bitbucket/provider.go:50:3	goroutineownership/unjoined	true-positive-control	true-positive	control-retained	true-positive-control	GetUser launches user request with deferred wg.Done, then returns on email-fetch or email-validation error before wg.Wait; outstanding request has no transferred owner or cancellation on those paths. Source: https://github.com/readytotouch/readytotouch/blob/c5c59edb70b91e3ed71010e41e4679e9c4595a0d/internal/oauth-providers/bitbucket/provider.go#L50	.build/followup207-goroutines-select-v10/51-readytotouch__readytotouch-internal_oauth-providers_bitbucket.json
51	readytotouch/readytotouch	c5c59edb70b91e3ed71010e41e4679e9c4595a0d	goroutineownership	internal/oauth-providers/github/provider.go:51:3	goroutineownership/unjoined	true-positive-control	true-positive	control-retained	true-positive-control	GetUser launches user request with deferred wg.Done, then returns on email-fetch or email-validation error before wg.Wait; outstanding request has no transferred owner or cancellation on those paths. Source: https://github.com/readytotouch/readytotouch/blob/c5c59edb70b91e3ed71010e41e4679e9c4595a0d/internal/oauth-providers/github/provider.go#L51	.build/followup207-goroutines-select-v10/51-readytotouch__readytotouch-internal_oauth-providers_github.json
51	rootless-containers/rootlesskit	91055b8b1f415a4920f4e187c19b83cb056804b9	goroutineownership	pkg/child/child.go:471:3	goroutineownership/unjoined	true-positive-control	true-positive	control-retained	true-positive-control	Child launches port driver then may return on createCmd failure before signaling portQuitCh or receiving portErrCh; no deferred cancellation/join covers that path. Source: https://github.com/rootless-containers/rootlesskit/blob/91055b8b1f415a4920f4e187c19b83cb056804b9/pkg/child/child.go#L471	.build/followup207-goroutines-select-v10/51-rootless-containers__rootlesskit-pkg_child.json
51	rootless-containers/rootlesskit	91055b8b1f415a4920f4e187c19b83cb056804b9	goroutineownership	pkg/parent/parent.go:302:3	goroutineownership/unjoined	true-positive-control	true-positive	control-retained	true-positive-control	Parent launches port driver then may return on PID-file write or API listener failure before signaling portDriverQuit/receiving portDriverErr; no deferred owner cleanup. Source: https://github.com/rootless-containers/rootlesskit/blob/91055b8b1f415a4920f4e187c19b83cb056804b9/pkg/parent/parent.go#L302	.build/followup207-goroutines-select-v10/51-rootless-containers__rootlesskit-pkg_parent.json
52	Resinat/Resin	9b8ef8e5cf83071fbac4de29bd7187268b9cff7b	goroutineownership	internal/state/dirtyset_test.go:110:2	goroutineownership/unjoined	true-positive-control	true-positive	control-retained	true-positive-control	Drainer loops until its own drained count reaches10000, but caller independently drains remaining entries after wg.Wait and can steal some of those unique writes. No further writes occur, so drainer can spin forever; drainerDone is never joined or cancellation signaled. Source: https://github.com/Resinat/Resin/blob/9b8ef8e5cf83071fbac4de29bd7187268b9cff7b/internal/state/dirtyset_test.go#L110	.build/followup207-goroutines-select-v10/52-Resinat__Resin-internal_state.json
52	TheYahya/enola	2bd8f923db674acfd8726ea9147000018dc86d1e	goroutineownership	enola.go:76:4	goroutineownership/unjoined	true-positive-control	true-positive	control-retained	true-positive-control	Check's coordinator returns when semaphore.Acquire fails after prior workers launched, bypassing wg.Wait and executing deferred close(ch) while workers may still send on ch; cancellation can cause unjoined sends or send-on-closed panic. Source: https://github.com/TheYahya/enola/blob/2bd8f923db674acfd8726ea9147000018dc86d1e/enola.go#L76	.build/followup207-goroutines-select-v10/52-TheYahya__enola-..json
52	betterleaks/betterleaks	2a387a5bad4290a84b9a1eb679bffe70611218cc	goroutineownership	sources/git.go:142:2	goroutineownership/unjoined	true-positive-control	true-positive	control-retained	true-positive-control	listenForStdErr closes errCh after scanning and optionally sending an unbuffered error. gitdiff.Parse error branch abandons worker and channel instead of returning the GitCmd owner; stderr error send then has no receiver. Source: https://github.com/betterleaks/betterleaks/blob/2a387a5bad4290a84b9a1eb679bffe70611218cc/sources/git.go#L142	.build/followup207-goroutines-select-v10/52-betterleaks__betterleaks-sources.json
52	betterleaks/betterleaks	2a387a5bad4290a84b9a1eb679bffe70611218cc	goroutineownership	sources/git.go:250:2	goroutineownership/unjoined	true-positive-control	true-positive	control-retained	true-positive-control	listenForStdErr closes errCh after scanning and optionally sending an unbuffered error. gitdiff.Parse error branch abandons worker and channel instead of returning the GitCmd owner; stderr error send then has no receiver. Source: https://github.com/betterleaks/betterleaks/blob/2a387a5bad4290a84b9a1eb679bffe70611218cc/sources/git.go#L250	.build/followup207-goroutines-select-v10/52-betterleaks__betterleaks-sources.json
52	betterleaks/betterleaks	2a387a5bad4290a84b9a1eb679bffe70611218cc	goroutineownership	sources/git_history.go:120:2	goroutineownership/unjoined	true-positive-control	true-positive	control-retained	true-positive-control	listenForStdErr closes errCh after scanning and optionally sending an unbuffered error. gitdiff.Parse error branch abandons worker and channel instead of returning the GitCmd owner; stderr error send then has no receiver. Source: https://github.com/betterleaks/betterleaks/blob/2a387a5bad4290a84b9a1eb679bffe70611218cc/sources/git_history.go#L120	.build/followup207-goroutines-select-v10/52-betterleaks__betterleaks-sources.json
52	chrislusf/gleam	8b4ae277059f30322db71de5e0473a4351bf9f8d	goroutineownership	util/exec_util.go:47:6	goroutineownership/unjoined	true-positive-control	true-positive	control-retained	true-positive-control	Conversion worker is launched before command.Start; Start error returns without joining it. Cancellation return also bypasses completion while a worker can remain reading the supplied reader. Source: https://github.com/chrislusf/gleam/blob/8b4ae277059f30322db71de5e0473a4351bf9f8d/util/exec_util.go#L47	.build/followup207-goroutines-select-v10/52-chrislusf__gleam-util.json
52	chrislusf/gleam	8b4ae277059f30322db71de5e0473a4351bf9f8d	goroutineownership	util/exec_util.go:50:6	goroutineownership/unjoined	true-positive-control	true-positive	control-retained	true-positive-control	Conversion worker is launched before command.Start; Start error returns without joining it. Cancellation return also bypasses completion while a worker can remain reading the supplied reader. Source: https://github.com/chrislusf/gleam/blob/8b4ae277059f30322db71de5e0473a4351bf9f8d/util/exec_util.go#L50	.build/followup207-goroutines-select-v10/52-chrislusf__gleam-util.json
52	eolinker/apinto	708a2ec565a0ae91d9206ca08a9858fe2729d1e3	goroutineownership	utils/clone/conn_test.go:145:3	goroutineownership/unjoined	true-positive-control	true-positive	control-retained	true-positive-control	TestClonePipe starts readers with WaitGroup.Done but never Waits. doWrite closes input after timer, yet Clone queues buffered blocks asynchronously, so reader workers may still drain/log through testing.T after test returns. Outer TestClonePipe2 waits only nested test function, not these readers. Source: https://github.com/eolinker/apinto/blob/708a2ec565a0ae91d9206ca08a9858fe2729d1e3/utils/clone/conn_test.go#L145	.build/followup207-goroutines-select-v10/52-eolinker__apinto-utils_clone.json
52	fortio/fortio	5c19725ff61c9f7ad944b91ec32d96a399341d87	goroutineownership	fnet/network.go:698:2	goroutineownership/unjoined	true-positive-control	true-positive	control-retained	true-positive-control	NetCat stopOnEOF skips wg.Wait but immediately reads worker-written wb/we without synchronization; it closes socket and optional input closer only later, and arbitrary nonclosable input may leave worker blocked. Source: https://github.com/fortio/fortio/blob/5c19725ff61c9f7ad944b91ec32d96a399341d87/fnet/network.go#L698	.build/followup207-goroutines-select-v10/52-fortio__fortio-fnet.json
52	lightninglabs/neutrino	ac63a41c9b7b9da7502ee3a1044d5b323bb35752	goroutineownership	query/worker_test.go:111:2	goroutineownership/unjoined	true-positive-control	true-positive	control-retained	true-positive-control	startWorker returns nil on one-second subscription timeout after launching Run but without closing quit/peer or joining done; timeout drops all owner references while worker may remain blocked subscribing or running. Source: https://github.com/lightninglabs/neutrino/blob/ac63a41c9b7b9da7502ee3a1044d5b323bb35752/query/worker_test.go#L111	.build/followup207-goroutines-select-v10/52-lightninglabs__neutrino-query.json
52	vmware/govmomi	f621178aa667761021673d64430b751e8352823c	goroutineownership	property/example_test.go:142:3	goroutineownership/unjoined	true-positive-control	true-positive	control-retained	true-positive-control	Parent can return on power/filter errors or timeout; deferred cancel makes WaitForUpdatesEx return error then worker unconditionally sends it to unbuffered chanResult with no receiver. Source: https://github.com/vmware/govmomi/blob/f621178aa667761021673d64430b751e8352823c/property/example_test.go#L142	.build/followup207-goroutines-select-v10/52-vmware__govmomi-property.json
52	zmap/zgrab2	a1231792c51576f1818825fae51db042b4dcd41e	goroutineownership	lib/http/serve_test.go:4031:3	goroutineownership/unjoined	true-positive-control	true-positive	control-retained	true-positive-control	Request-body io.Copy error returns from handler before closing pw or receiving done; launched io.Copy can remain blocked reading pr. Source: https://github.com/zmap/zgrab2/blob/a1231792c51576f1818825fae51db042b4dcd41e/lib/http/serve_test.go#L4031	.build/followup207-goroutines-select-v10/52-zmap__zgrab2-lib_http.json
53	aarzilli/gdlv	19c1d2ade699a8892ac303170f181812b48d6dcb	goroutineownership	scopeexpr.go:444:2	goroutineownership/unjoined	true-positive-control	true-positive	control-retained	true-positive-control	Execute error returns before closing starlarkDone or joining watchdog; timer later calls Cancel on the shared StarlarkEnv and can affect a subsequent execution. This is abandoned completion/scope, not an indefinitely leaked goroutine. Source: https://github.com/aarzilli/gdlv/blob/19c1d2ade699a8892ac303170f181812b48d6dcb/scopeexpr.go#L444	.build/followup207-goroutines-select-v10/53-aarzilli__gdlv-..json
53	buchgr/bazel-remote	a69b6b5ed933234d93b489ffd216bee5bb74aa06	goroutineownership	cache/disk/load.go:387:2	goroutineownership/unjoined	true-positive-control	true-positive	control-retained	true-positive-control	scanDir returns on ReadDir, invalid entries, or worker errors before receiving from received. Deferred scanResults closure lets the aggregator finish its range, but it then blocks forever on the unbuffered received send with no caller remaining. Source: https://github.com/buchgr/bazel-remote/blob/a69b6b5ed933234d93b489ffd216bee5bb74aa06/cache/disk/load.go#L387	.build/followup207-goroutines-select-v10/53-buchgr__bazel-remote-cache_disk.json
53	dropbox/dbxcli	bc7b1bdecc1754f2fe5dbdc1ec2736e4750d1c4f	goroutineownership	cmd/put.go:130:3	goroutineownership/unjoined	true-positive-control	true-positive	control-retained	true-positive-control	Chunk-source read errors, short reads, and errCh errors return before closing workCh or joining wg. Workers range workCh indefinitely and are not context-selected; an early upload failure abandons their completion obligation. Source: https://github.com/dropbox/dbxcli/blob/bc7b1bdecc1754f2fe5dbdc1ec2736e4750d1c4f/cmd/put.go#L130	.build/followup207-goroutines-select-v10/53-dropbox__dbxcli-cmd.json
53	hetznercloud/cli	177c1b5eeb9e2410b19531ed85a8ecd9d96920f8	goroutineownership	internal/testutil/testing.go:33:2	goroutineownership/unjoined	true-positive-control	true-positive	control-retained	true-positive-control	CaptureOutStreams returns on either pipe-writer Close error before receiving copyErr; worker can remain blocked on the other pipe or its unbuffered error send. Source: https://github.com/hetznercloud/cli/blob/177c1b5eeb9e2410b19531ed85a8ecd9d96920f8/internal/testutil/testing.go#L33	.build/followup207-goroutines-select-v10/53-hetznercloud__cli-internal_testutil.json
53	kube-burner/kube-burner	770a335598d565d7c9e4fa9a481ae86bbe8f2e8d	goroutineownership	pkg/burner/create.go:657:3	goroutineownership/unjoined	true-positive-control	true-positive	control-retained	true-positive-control	Later iteration ctx.Err or limiter.Wait failure returns before local wg.Wait; launched workers still render and map objects then Add to the caller replicaWg, so dropping the local join abandons setup completion and permits late group additions. Source: https://github.com/kube-burner/kube-burner/blob/770a335598d565d7c9e4fa9a481ae86bbe8f2e8d/pkg/burner/create.go#L657	.build/followup207-goroutines-select-v10/53-kube-burner__kube-burner-pkg_burner.json
53	skupperproject/skupper	70274cff5861dad7feb076c48730cd92d4b40479	goroutineownership	pkg/vanflow/eventsource/client_test.go:242:3	goroutineownership/unjoined	true-positive-control	true-positive	control-retained	true-positive-control	If pong.Next fails the test returns without receiving sendDone. Cancellation can finish ping.Send but the worker then blocks sending its result on the unbuffered sendDone channel. Source: https://github.com/skupperproject/skupper/blob/70274cff5861dad7feb076c48730cd92d4b40479/pkg/vanflow/eventsource/client_test.go#L242	.build/followup207-goroutines-select-v10/53-skupperproject__skupper-pkg_vanflow_eventsource.json
53	wind-c/comqtt	11282b91abb06d5169b857a2c38fad5d54502050	goroutineownership	mqtt/server_test.go:2639:4	goroutineownership/unjoined	true-positive-control	true-positive	control-retained	true-positive-control	For i==2 the subtest closes pipe writer but skips receiving recv; worker finishes ReadAll and blocks forever on the unbuffered recv send. Source: https://github.com/wind-c/comqtt/blob/11282b91abb06d5169b857a2c38fad5d54502050/mqtt/server_test.go#L2639	.build/followup207-goroutines-select-v10/53-wind-c__comqtt-mqtt.json
54	cc1a2b/JShunter	9e130cfd3ed8602e90703fccb4d843cc6a1b00e1	goroutineownership	internal/jshunter/jshunter.go:1387:9	goroutineownership/unjoined	true-positive-control	true-positive	control-retained	true-positive-control	enqueueFromFile can send work then return scanner.Err; this error branch closes urlChannel and returns without wg.Wait, while in-flight workers still fetch and may write to the now-deferred-closed output file. Closing the queue does not join active work. Source: https://github.com/cc1a2b/JShunter/blob/9e130cfd3ed8602e90703fccb4d843cc6a1b00e1/internal/jshunter/jshunter.go#L1387	.build/followup207-goroutines-select-v10/54-cc1a2b__JShunter-internal_jshunter.json
54	cc1a2b/JShunter	9e130cfd3ed8602e90703fccb4d843cc6a1b00e1	goroutineownership	internal/jshunter/jshunter.go:2149:9	goroutineownership/unjoined	true-positive-control	true-positive	control-retained	true-positive-control	enqueueFromFile can send work then return scanner.Err; this error branch closes urlChannel and returns without wg.Wait, while in-flight workers still fetch and may write to the now-deferred-closed output file. Closing the queue does not join active work. Source: https://github.com/cc1a2b/JShunter/blob/9e130cfd3ed8602e90703fccb4d843cc6a1b00e1/internal/jshunter/jshunter.go#L2149	.build/followup207-goroutines-select-v10/54-cc1a2b__JShunter-internal_jshunter.json
54	cc1a2b/JShunter	9e130cfd3ed8602e90703fccb4d843cc6a1b00e1	goroutineownership	internal/jshunter/jshunter.go:4875:9	goroutineownership/unjoined	true-positive-control	true-positive	control-retained	true-positive-control	enqueueFromFile can send work then return scanner.Err; this error branch closes urlChannel and returns without wg.Wait, while in-flight workers still fetch and may write to the now-deferred-closed output file. Closing the queue does not join active work. Source: https://github.com/cc1a2b/JShunter/blob/9e130cfd3ed8602e90703fccb4d843cc6a1b00e1/internal/jshunter/jshunter.go#L4875	.build/followup207-goroutines-select-v10/54-cc1a2b__JShunter-internal_jshunter.json
54	cc1a2b/JShunter	9e130cfd3ed8602e90703fccb4d843cc6a1b00e1	goroutineownership	internal/jshunter/jshunter.go:4950:9	goroutineownership/unjoined	true-positive-control	true-positive	control-retained	true-positive-control	enqueueFromFile can send work then return scanner.Err; this error branch closes urlChannel and returns without wg.Wait, while in-flight workers still fetch and may write to the now-deferred-closed output file. Closing the queue does not join active work. Source: https://github.com/cc1a2b/JShunter/blob/9e130cfd3ed8602e90703fccb4d843cc6a1b00e1/internal/jshunter/jshunter.go#L4950	.build/followup207-goroutines-select-v10/54-cc1a2b__JShunter-internal_jshunter.json
54	diamondburned/arikawa	b430932b3ee153985e90bf4f469b3e8241b90c8b	goroutineownership	state/state.go:649:3	goroutineownership/unjoined	true-positive-control	true-positive	control-retained	true-positive-control	Message launches channel lookup with local completion group, but message-fetch error returns before wg.Wait; the background HTTP lookup and cabinet mutation remain active beyond this call without cancellation or transferred completion ownership. Source: https://github.com/diamondburned/arikawa/blob/b430932b3ee153985e90bf4f469b3e8241b90c8b/state/state.go#L649	.build/followup207-goroutines-select-v10/54-diamondburned__arikawa-state.json
54	pterodactyl/wings	d6116827313dae176ddf4741e233554392993398	goroutineownership	server/transfer/source.go:87:3	goroutineownership/unjoined	true-positive-control	true-positive	control-retained	true-positive-control	Inner copy worker sends error on unbuffered ch; outer archive.Stream error returns without receiving ch, then closes src causing copy error whose send blocks forever. Source: https://github.com/pterodactyl/wings/blob/d6116827313dae176ddf4741e233554392993398/server/transfer/source.go#L87	.build/followup207-goroutines-select-v10/54-pterodactyl__wings-server_transfer.json
54	real-web-world/hh-lol-prophet	e81d7b8eb9748414acf10967cf8966f0ed73ce70	goroutineownership	cmd/hh-lol-prophet/main.go:121:2	goroutineownership/unjoined	true-positive-control	true-positive	control-retained	true-positive-control	Download or update-launch errors return to the caller, which only logs and continues running; the stdin worker can then block on its unbuffered done send without a receiver. Successful os.Exit does not cover these feasible continuing error paths. Source: https://github.com/real-web-world/hh-lol-prophet/blob/e81d7b8eb9748414acf10967cf8966f0ed73ce70/cmd/hh-lol-prophet/main.go#L121	.build/followup207-goroutines-select-v10/54-real-web-world__hh-lol-prophet-cmd_hh-lol-prophet.json
54	refraction-networking/utls	23b1dac19c06c51e278468e29ac329eec605a31f	goroutineownership	handshake_client_test.go:2895:4	goroutineownership/unjoined	true-positive-control	true-positive	control-retained	true-positive-control	Worker sends serverErr on local unbuffered done, but subtest never receives done on any path; even successful handshake leaves worker blocked after closing socket. Source: https://github.com/refraction-networking/utls/blob/23b1dac19c06c51e278468e29ac329eec605a31f/handshake_client_test.go#L2895	.build/followup207-goroutines-select-v10/54-refraction-networking__utls-..json
55	americanexpress/earlybird	573753e6f39a02293d4a250878e66664aefa674a	goroutineownership	pkg/writers/consoleout_test.go:27:2	goroutineownership/unjoined	true-positive-control	true-positive	control-retained	true-positive-control	Test starts unbuffered sender then runs receiving t.Run in another unjoined goroutine and immediately returns. Receiver is not registered synchronously with test runner, so test teardown can precede subtest start; sender completion is not established and writer also ranges never-closed channel. Source: https://github.com/americanexpress/earlybird/blob/573753e6f39a02293d4a250878e66664aefa674a/pkg/writers/consoleout_test.go#L27	.build/followup207-goroutines-select-v10/55-americanexpress__earlybird-pkg_writers.json
55	americanexpress/earlybird	573753e6f39a02293d4a250878e66664aefa674a	goroutineownership	pkg/writers/csvout_test.go:27:2	goroutineownership/unjoined	true-positive-control	true-positive	control-retained	true-positive-control	Test starts unbuffered sender then runs receiving t.Run in another unjoined goroutine and immediately returns. Receiver is not registered synchronously with test runner, so test teardown can precede subtest start; sender completion is not established and writer also ranges never-closed channel. Source: https://github.com/americanexpress/earlybird/blob/573753e6f39a02293d4a250878e66664aefa674a/pkg/writers/csvout_test.go#L27	.build/followup207-goroutines-select-v10/55-americanexpress__earlybird-pkg_writers.json
55	google/badwolf	6cde56dbc7db828597ea856db6c3e1f331e70916	goroutineownership	storage/memoization/memoization.go:202:2	goroutineownership/unjoined	true-positive-control	true-positive	control-retained	true-positive-control	Cancellation returns before wg.Wait while worker delegates to underlying storage.Graph. Concrete storage/memory methods ignore ctx in result loops and use plain channel sends; with additional results, abandoned c receiver leaves worker blocked holding backend read lock. Source: https://github.com/google/badwolf/blob/6cde56dbc7db828597ea856db6c3e1f331e70916/storage/memoization/memoization.go#L202	.build/followup207-goroutines-select-v10/55-google__badwolf-storage_memoization.json
55	google/badwolf	6cde56dbc7db828597ea856db6c3e1f331e70916	goroutineownership	storage/memoization/memoization.go:271:2	goroutineownership/unjoined	true-positive-control	true-positive	control-retained	true-positive-control	Cancellation returns before wg.Wait while worker delegates to underlying storage.Graph. Concrete storage/memory methods ignore ctx in result loops and use plain channel sends; with additional results, abandoned c receiver leaves worker blocked holding backend read lock. Source: https://github.com/google/badwolf/blob/6cde56dbc7db828597ea856db6c3e1f331e70916/storage/memoization/memoization.go#L271	.build/followup207-goroutines-select-v10/55-google__badwolf-storage_memoization.json
55	google/badwolf	6cde56dbc7db828597ea856db6c3e1f331e70916	goroutineownership	storage/memoization/memoization.go:330:2	goroutineownership/unjoined	true-positive-control	true-positive	control-retained	true-positive-control	Cancellation returns before wg.Wait while worker delegates to underlying storage.Graph. Concrete storage/memory methods ignore ctx in result loops and use plain channel sends; with additional results, abandoned c receiver leaves worker blocked holding backend read lock. Source: https://github.com/google/badwolf/blob/6cde56dbc7db828597ea856db6c3e1f331e70916/storage/memoization/memoization.go#L330	.build/followup207-goroutines-select-v10/55-google__badwolf-storage_memoization.json
55	google/badwolf	6cde56dbc7db828597ea856db6c3e1f331e70916	goroutineownership	storage/memoization/memoization.go:389:2	goroutineownership/unjoined	true-positive-control	true-positive	control-retained	true-positive-control	Cancellation returns before wg.Wait while worker delegates to underlying storage.Graph. Concrete storage/memory methods ignore ctx in result loops and use plain channel sends; with additional results, abandoned c receiver leaves worker blocked holding backend read lock. Source: https://github.com/google/badwolf/blob/6cde56dbc7db828597ea856db6c3e1f331e70916/storage/memoization/memoization.go#L389	.build/followup207-goroutines-select-v10/55-google__badwolf-storage_memoization.json
55	google/badwolf	6cde56dbc7db828597ea856db6c3e1f331e70916	goroutineownership	storage/memoization/memoization.go:448:2	goroutineownership/unjoined	true-positive-control	true-positive	control-retained	true-positive-control	Cancellation returns before wg.Wait while worker delegates to underlying storage.Graph. Concrete storage/memory methods ignore ctx in result loops and use plain channel sends; with additional results, abandoned c receiver leaves worker blocked holding backend read lock. Source: https://github.com/google/badwolf/blob/6cde56dbc7db828597ea856db6c3e1f331e70916/storage/memoization/memoization.go#L448	.build/followup207-goroutines-select-v10/55-google__badwolf-storage_memoization.json
55	google/badwolf	6cde56dbc7db828597ea856db6c3e1f331e70916	goroutineownership	storage/memoization/memoization.go:507:2	goroutineownership/unjoined	true-positive-control	true-positive	control-retained	true-positive-control	Cancellation returns before wg.Wait while worker delegates to underlying storage.Graph. Concrete storage/memory methods ignore ctx in result loops and use plain channel sends; with additional results, abandoned c receiver leaves worker blocked holding backend read lock. Source: https://github.com/google/badwolf/blob/6cde56dbc7db828597ea856db6c3e1f331e70916/storage/memoization/memoization.go#L507	.build/followup207-goroutines-select-v10/55-google__badwolf-storage_memoization.json
55	google/badwolf	6cde56dbc7db828597ea856db6c3e1f331e70916	goroutineownership	storage/memoization/memoization.go:566:2	goroutineownership/unjoined	true-positive-control	true-positive	control-retained	true-positive-control	Cancellation returns before wg.Wait while worker delegates to underlying storage.Graph. Concrete storage/memory methods ignore ctx in result loops and use plain channel sends; with additional results, abandoned c receiver leaves worker blocked holding backend read lock. Source: https://github.com/google/badwolf/blob/6cde56dbc7db828597ea856db6c3e1f331e70916/storage/memoization/memoization.go#L566	.build/followup207-goroutines-select-v10/55-google__badwolf-storage_memoization.json
55	google/badwolf	6cde56dbc7db828597ea856db6c3e1f331e70916	goroutineownership	storage/memoization/memoization.go:625:2	goroutineownership/unjoined	true-positive-control	true-positive	control-retained	true-positive-control	Cancellation returns before wg.Wait while worker delegates to underlying storage.Graph. Concrete storage/memory methods ignore ctx in result loops and use plain channel sends; with additional results, abandoned c receiver leaves worker blocked holding backend read lock. Source: https://github.com/google/badwolf/blob/6cde56dbc7db828597ea856db6c3e1f331e70916/storage/memoization/memoization.go#L625	.build/followup207-goroutines-select-v10/55-google__badwolf-storage_memoization.json
55	google/badwolf	6cde56dbc7db828597ea856db6c3e1f331e70916	goroutineownership	storage/memoization/memoization.go:684:2	goroutineownership/unjoined	true-positive-control	true-positive	control-retained	true-positive-control	Cancellation returns before wg.Wait while worker delegates to underlying storage.Graph. Concrete storage/memory methods ignore ctx in result loops and use plain channel sends; with additional results, abandoned c receiver leaves worker blocked holding backend read lock. Source: https://github.com/google/badwolf/blob/6cde56dbc7db828597ea856db6c3e1f331e70916/storage/memoization/memoization.go#L684	.build/followup207-goroutines-select-v10/55-google__badwolf-storage_memoization.json
55	google/badwolf	6cde56dbc7db828597ea856db6c3e1f331e70916	goroutineownership	storage/memoization/memoization.go:743:2	goroutineownership/unjoined	true-positive-control	true-positive	control-retained	true-positive-control	Cancellation returns before wg.Wait while worker delegates to underlying storage.Graph. Concrete storage/memory methods ignore ctx in result loops and use plain channel sends; with additional results, abandoned c receiver leaves worker blocked holding backend read lock. Source: https://github.com/google/badwolf/blob/6cde56dbc7db828597ea856db6c3e1f331e70916/storage/memoization/memoization.go#L743	.build/followup207-goroutines-select-v10/55-google__badwolf-storage_memoization.json
55	google/badwolf	6cde56dbc7db828597ea856db6c3e1f331e70916	goroutineownership	storage/memoization/memoization.go:817:2	goroutineownership/unjoined	true-positive-control	true-positive	control-retained	true-positive-control	Cancellation returns before wg.Wait while worker delegates to underlying storage.Graph. Concrete storage/memory methods ignore ctx in result loops and use plain channel sends; with additional results, abandoned c receiver leaves worker blocked holding backend read lock. Source: https://github.com/google/badwolf/blob/6cde56dbc7db828597ea856db6c3e1f331e70916/storage/memoization/memoization.go#L817	.build/followup207-goroutines-select-v10/55-google__badwolf-storage_memoization.json
55	openfaas/faasd	13f03f3d47072f29781ef78a1f5a406c800cc513	goroutineownership	pkg/proxy_test.go:72:2	goroutineownership/unjoined	true-positive-control	true-positive	control-retained	true-positive-control	Final worker sends true on local unbuffered doneCh with no receive anywhere in test; worker blocks permanently after test returns. Source: https://github.com/openfaas/faasd/blob/13f03f3d47072f29781ef78a1f5a406c800cc513/pkg/proxy_test.go#L72	.build/followup207-goroutines-select-v10/55-openfaas__faasd-pkg.json
55	pion/dtls	05e47ce632b71d7af3d334fde49b65a24413bb4f	goroutineownership	e2e/e2e_lossy_test.go:167:4	goroutineownership/unjoined	true-positive-control	true-positive	control-retained	true-positive-control	Timer or other endpoint startup-error returns before receiving this worker's unbuffered result. Deferred cleanup only closes connections already received, so pending worker can remain blocked sending its result. Source: https://github.com/pion/dtls/blob/05e47ce632b71d7af3d334fde49b65a24413bb4f/e2e/e2e_lossy_test.go#L167	.build/followup207-goroutines-select-v10/55-pion__dtls-e2e.json
55	pion/dtls	05e47ce632b71d7af3d334fde49b65a24413bb4f	goroutineownership	e2e/e2e_lossy_test.go:184:4	goroutineownership/unjoined	true-positive-control	true-positive	control-retained	true-positive-control	Timer or other endpoint startup-error returns before receiving this worker's unbuffered result. Deferred cleanup only closes connections already received, so pending worker can remain blocked sending its result. Source: https://github.com/pion/dtls/blob/05e47ce632b71d7af3d334fde49b65a24413bb4f/e2e/e2e_lossy_test.go#L184	.build/followup207-goroutines-select-v10/55-pion__dtls-e2e.json
55	rodrigo-brito/ninjabot	551944a6f28d033ae3e95927e5a7d90499914d62	goroutineownership	exchange/exchange.go:119:3	goroutineownership/unjoined	true-positive-control	true-positive	control-retained	true-positive-control	Start(false) launches worker without cancellation/returned join, exits only on Data channel close. Concrete exchange_test async callers supply channels never closed then return after recorded candles, leaving worker blocked; not merely intentional long-lived production subscription. Source: https://github.com/rodrigo-brito/ninjabot/blob/551944a6f28d033ae3e95927e5a7d90499914d62/exchange/exchange.go#L119	.build/followup207-goroutines-select-v10/55-rodrigo-brito__ninjabot-exchange.json
52	zmap/zgrab2	a1231792c51576f1818825fae51db042b4dcd41e	goroutineownership	lib/http/server.go:3664:2	goroutineownership/unjoined	newly-exposed-select	false-positive	verified-absent	selected-retained-context-opaque-handler	The exact selected canceled context is retained by Request.WithContext and passed in the captured request to opaque ServeHTTP. Shutdown is unknown, not a join. No send-capable output channel is handed to that opaque call. Source: https://github.com/zmap/zgrab2/blob/a1231792c51576f1818825fae51db042b4dcd41e/lib/http/server.go#L3664	.build/followup207-goroutines-select-v10/52-zmap__zgrab2-lib_http.json
52	tus/tusd	c9d174d0e20c69f24e9785d2f639df4da1c4fdc5	goroutineownership	pkg/s3store/s3store_part_producer_test.go:89:2	goroutineownership/unjoined	newly-exposed-select	true-positive	verified-present	nonfatal-timeout-abandons-send	Worker sends completion on an unbuffered channel. The timeout arm calls t.Error, not Fatal, then drains a different channel and returns without receiving completion. A delayed or blocked worker can remain stuck in the completion send. Source: https://github.com/tus/tusd/blob/c9d174d0e20c69f24e9785d2f639df4da1c4fdc5/pkg/s3store/s3store_part_producer_test.go#L89	.build/followup207-goroutines-select-v10/52-tus__tusd-pkg_s3store.json
52	chrislusf/gleam	8b4ae277059f30322db71de5e0473a4351bf9f8d	goroutineownership	util/context.go:12:2	goroutineownership/unjoined	newly-exposed-select	true-positive	verified-present	cancellation-abandons-send	The cancellation arm calls onCleanup and returns without receiving errChan. The worker unconditionally sends onExecute result on unbuffered errChan; even cleanup that releases onExecute leaves that publication blocked. Source: https://github.com/chrislusf/gleam/blob/8b4ae277059f30322db71de5e0473a4351bf9f8d/util/context.go#L12	.build/followup207-goroutines-select-v10/52-chrislusf__gleam-util.json
53	threatexpert/gonc	e14bc6b97efc2150c4e0bbb2bdc89f8548e28fa6	goroutineownership	easyp2p/mqtt_signal.go:132:2	goroutineownership/unjoined	newly-exposed-select	true-positive	verified-present	cancellation-races-with-send	Relay can select ready/fail and enter its unconditional unbuffered successOrAllFail send while the parent selects sctx.Done and stops receiving. Its earlier cancellation case does not protect a send already selected. Source: https://github.com/threatexpert/gonc/blob/e14bc6b97efc2150c4e0bbb2bdc89f8548e28fa6/easyp2p/mqtt_signal.go#L132	.build/followup207-goroutines-select-v10/53-threatexpert__gonc-easyp2p.json
53	buchgr/bazel-remote	a69b6b5ed933234d93b489ffd216bee5bb74aa06	goroutineownership	cache/disk/findmissing.go:139:3	goroutineownership/unjoined	newly-exposed-select	false-positive	verified-absent	queued-group-relay	Straight-line Wait/close relay depends on the exact group already sent in proxyCheck queue items to other participants. Existing exact containment establishes possible external lifecycle participation, not guaranteed completion. Source: https://github.com/buchgr/bazel-remote/blob/a69b6b5ed933234d93b489ffd216bee5bb74aa06/cache/disk/findmissing.go#L139	.build/followup207-goroutines-select-v10/53-buchgr__bazel-remote-cache_disk.json
52	ConduitIO/conduit	9946a19b9fff997675f78bbc5ff437e760d39f4f	goroutineownership	pkg/lifecycle/stream/destination_acker_test.go:114:2	goroutineownership/unjoined	newly-exposed-select	false-positive	verified-absent	captured-strict-testing-termination	Timeout calls Fail on a captured matryer/is value constructed by strict New. Existing storage recovers exact strict factory origin and shared termination contract establishes nonreturn; NewRelaxed, unknown and mixed origins are not credited. Source: https://github.com/ConduitIO/conduit/blob/9946a19b9fff997675f78bbc5ff437e760d39f4f/pkg/lifecycle/stream/destination_acker_test.go#L114	.build/followup207-goroutines-select-v10/52-ConduitIO__conduit-pkg_lifecycle_stream.json
52	ConduitIO/conduit	9946a19b9fff997675f78bbc5ff437e760d39f4f	goroutineownership	pkg/lifecycle/stream/destination_acker_test.go:168:2	goroutineownership/unjoined	newly-exposed-select	false-positive	verified-absent	captured-strict-testing-termination	Timeout calls Fail on a captured matryer/is value constructed by strict New. Existing storage recovers exact strict factory origin and shared termination contract establishes nonreturn; NewRelaxed, unknown and mixed origins are not credited. Source: https://github.com/ConduitIO/conduit/blob/9946a19b9fff997675f78bbc5ff437e760d39f4f/pkg/lifecycle/stream/destination_acker_test.go#L168	.build/followup207-goroutines-select-v10/52-ConduitIO__conduit-pkg_lifecycle_stream.json
52	ConduitIO/conduit	9946a19b9fff997675f78bbc5ff437e760d39f4f	goroutineownership	pkg/lifecycle/stream/destination_acker_test.go:225:2	goroutineownership/unjoined	newly-exposed-select	false-positive	verified-absent	captured-strict-testing-termination	Timeout calls Fail on a captured matryer/is value constructed by strict New. Existing storage recovers exact strict factory origin and shared termination contract establishes nonreturn; NewRelaxed, unknown and mixed origins are not credited. Source: https://github.com/ConduitIO/conduit/blob/9946a19b9fff997675f78bbc5ff437e760d39f4f/pkg/lifecycle/stream/destination_acker_test.go#L225	.build/followup207-goroutines-select-v10/52-ConduitIO__conduit-pkg_lifecycle_stream.json
52	ConduitIO/conduit	9946a19b9fff997675f78bbc5ff437e760d39f4f	goroutineownership	pkg/lifecycle/stream/destination_acker_test.go:288:2	goroutineownership/unjoined	newly-exposed-select	false-positive	verified-absent	captured-strict-testing-termination	Timeout calls Fail on a captured matryer/is value constructed by strict New. Existing storage recovers exact strict factory origin and shared termination contract establishes nonreturn; NewRelaxed, unknown and mixed origins are not credited. Source: https://github.com/ConduitIO/conduit/blob/9946a19b9fff997675f78bbc5ff437e760d39f4f/pkg/lifecycle/stream/destination_acker_test.go#L288	.build/followup207-goroutines-select-v10/52-ConduitIO__conduit-pkg_lifecycle_stream.json
52	ConduitIO/conduit	9946a19b9fff997675f78bbc5ff437e760d39f4f	goroutineownership	pkg/lifecycle/stream/destination_acker_test.go:350:2	goroutineownership/unjoined	newly-exposed-select	false-positive	verified-absent	captured-strict-testing-termination	Timeout calls Fail on a captured matryer/is value constructed by strict New. Existing storage recovers exact strict factory origin and shared termination contract establishes nonreturn; NewRelaxed, unknown and mixed origins are not credited. Source: https://github.com/ConduitIO/conduit/blob/9946a19b9fff997675f78bbc5ff437e760d39f4f/pkg/lifecycle/stream/destination_acker_test.go#L350	.build/followup207-goroutines-select-v10/52-ConduitIO__conduit-pkg_lifecycle_stream.json
52	ConduitIO/conduit	9946a19b9fff997675f78bbc5ff437e760d39f4f	goroutineownership	pkg/lifecycle/stream/destination_acker_test.go:405:2	goroutineownership/unjoined	newly-exposed-select	false-positive	verified-absent	captured-strict-testing-termination	Timeout calls Fail on a captured matryer/is value constructed by strict New. Existing storage recovers exact strict factory origin and shared termination contract establishes nonreturn; NewRelaxed, unknown and mixed origins are not credited. Source: https://github.com/ConduitIO/conduit/blob/9946a19b9fff997675f78bbc5ff437e760d39f4f/pkg/lifecycle/stream/destination_acker_test.go#L405	.build/followup207-goroutines-select-v10/52-ConduitIO__conduit-pkg_lifecycle_stream.json
52	ConduitIO/conduit	9946a19b9fff997675f78bbc5ff437e760d39f4f	goroutineownership	pkg/lifecycle/stream/destination_acker_test.go:47:2	goroutineownership/unjoined	newly-exposed-select	false-positive	verified-absent	captured-strict-testing-termination	Timeout calls Fail on a captured matryer/is value constructed by strict New. Existing storage recovers exact strict factory origin and shared termination contract establishes nonreturn; NewRelaxed, unknown and mixed origins are not credited. Source: https://github.com/ConduitIO/conduit/blob/9946a19b9fff997675f78bbc5ff437e760d39f4f/pkg/lifecycle/stream/destination_acker_test.go#L47	.build/followup207-goroutines-select-v10/52-ConduitIO__conduit-pkg_lifecycle_stream.json
55	HM2899/grokcli-2api	33a106d902d7627d1cdbc3359768a029112ea808	goroutineownership	internal/proxy/chat.go:559:4	goroutineownership/unjoined	newly-exposed-select	false-positive	verified-absent	canceled-group-relay	Straight-line Wait/close relay waits on the exact group settled by local workers with existing locally-canceled-context evidence. This is one-hop uncertainty, not a timing guarantee or generic Wait/close exemption. Source: https://github.com/HM2899/grokcli-2api/blob/33a106d902d7627d1cdbc3359768a029112ea808/internal/proxy/chat.go#L559	.build/followup207-goroutines-select-v10/55-HM2899__grokcli-2api-internal_proxy.json
