batch	repository	revision	analyzer	position	check	original-verdict	family	baseline	current	status	baseline-receipt	current-receipt
51	awalterschulze/goderive	e80f08252f19466b4348366b638aa8c4b20c00f1	resourcelifetime	example/plugin/mem/mem.go:14:15	resourcelifetime/missing-release	false-positive	invalid-http-url	present	present	active-reported	.build/followup207-resource-baseline/awalterschulze__goderive__a36006f51d.receipt.json	.build/followup207-head-v3/awalterschulze__goderive__a36006f51d.receipt.json
51	byJoey/yx-tools	b75ed15eb7680e58c40f109f60e663cc93bca766	resourcelifetime	internal/app/export.go:60:16	resourcelifetime/missing-release	false-positive	correlated-error-or-guard	present	absent	verified-absent	.build/followup207-resource-baseline/byJoey__yx-tools__7fd76ef33b.receipt.json	.build/followup207-head-v3/byJoey__yx-tools__7fd76ef33b.receipt.json
51	checkmake/checkmake	a413df2724416bbeebdc0132e589b10005840fd8	resourcelifetime	parser/scanner_test.go:15:12	resourcelifetime/missing-release	false-positive	fixture-prevents-acquisition	present	present	active-reported	.build/followup207-resource-baseline/checkmake__checkmake__073c1d5a68.receipt.json	.build/followup207-head-v3/checkmake__checkmake__073c1d5a68.receipt.json
51	fsouza/fake-gcs-server	3c29d20789f6475f65d2554ad6898c4afd7124bb	resourcelifetime	fakestorage/upload_test.go:1302:17	resourcelifetime/missing-release	false-positive	memory-or-empty-http-body	present	present	active-reported	.build/followup207-resource-baseline/fsouza__fake-gcs-server__4e643b28c3.receipt.json	.build/followup207-head-v3/fsouza__fake-gcs-server__4e643b28c3.receipt.json
51	Gitlawb/zero	99721c762f37cd43ac511007a5f51d1846df959e	resourcelifetime	internal/providerhealth/proxy_dial_test.go:78:11	resourcelifetime/missing-release	false-positive	fixture-prevents-acquisition	present	present	active-reported	.build/followup207-resource-baseline/Gitlawb__zero__b6998fe65f.receipt.json	.build/followup207-head-v3/Gitlawb__zero__b6998fe65f.receipt.json
51	Gitlawb/zero	99721c762f37cd43ac511007a5f51d1846df959e	resourcelifetime	internal/proxydial/proxydial_test.go:207:12	resourcelifetime/missing-release	false-positive	fixture-prevents-acquisition	present	present	active-reported	.build/followup207-resource-baseline/Gitlawb__zero__18f24d862a.receipt.json	.build/followup207-head-v3/Gitlawb__zero__18f24d862a.receipt.json
51	Gitlawb/zero	99721c762f37cd43ac511007a5f51d1846df959e	resourcelifetime	internal/proxydial/proxydial_test.go:38:15	resourcelifetime/missing-release	false-positive	fixture-prevents-acquisition	present	present	active-reported	.build/followup207-resource-baseline/Gitlawb__zero__18f24d862a.receipt.json	.build/followup207-head-v3/Gitlawb__zero__18f24d862a.receipt.json
51	golang/sys	01b91195d9aeaba1dab70b882a12f741f568a510	resourcelifetime	unix/syscall_unix_test.go:298:12	resourcelifetime/missing-release	false-positive	process-bounded-lifetime	present	absent	verified-absent	.build/followup207-resource-baseline/golang__sys__e12609d035.receipt.json	.build/followup207-head-v3/golang__sys__e12609d035.receipt.json
51	matlab/matlab-mcp-server	2eb5c82e0574164fa50e0aea27be871944a5a8cd	resourcelifetime	internal/adaptors/matlabmanager/matlabservices/services/localmatlabsession/processlauncher/processlauncher.go:108:17	resourcelifetime/missing-release	false-positive	aggregate-cleanup	present	present	active-reported	.build/followup207-resource-baseline/matlab__matlab-mcp-server__e364195d17.receipt.json	.build/followup207-head-v3/matlab__matlab-mcp-server__e364195d17.receipt.json
51	matlab/matlab-mcp-server	2eb5c82e0574164fa50e0aea27be871944a5a8cd	resourcelifetime	internal/adaptors/matlabmanager/matlabservices/services/localmatlabsession/processlauncher/processlauncher.go:115:17	resourcelifetime/missing-release	false-positive	aggregate-cleanup	present	present	active-reported	.build/followup207-resource-baseline/matlab__matlab-mcp-server__e364195d17.receipt.json	.build/followup207-head-v3/matlab__matlab-mcp-server__e364195d17.receipt.json
51	muety/wakapi	be6aeb483e576dadd50c8e9d404efbe4ed8df700	resourcelifetime	services/imports/wakatime_test.go:154:17	resourcelifetime/missing-release	false-positive	fixture-prevents-acquisition	present	present	active-reported	.build/followup207-resource-baseline/muety__wakapi__3741403dd3.receipt.json	.build/followup207-head-v3/muety__wakapi__3741403dd3.receipt.json
51	rcrowley/go-tigertonic	a26c5e8568b04ed34c7e9619aca180e5c1d54b8a	resourcelifetime	server_test.go:111:15	resourcelifetime/missing-release	false-positive	memory-or-empty-http-body	present	present	active-reported	.build/followup207-resource-baseline/rcrowley__go-tigertonic__7f07943dc8.receipt.json	.build/followup207-head-v3/rcrowley__go-tigertonic__7f07943dc8.receipt.json
51	rcrowley/go-tigertonic	a26c5e8568b04ed34c7e9619aca180e5c1d54b8a	resourcelifetime	server_test.go:114:15	resourcelifetime/missing-release	false-positive	memory-or-empty-http-body	present	present	active-reported	.build/followup207-resource-baseline/rcrowley__go-tigertonic__7f07943dc8.receipt.json	.build/followup207-head-v3/rcrowley__go-tigertonic__7f07943dc8.receipt.json
51	rcrowley/go-tigertonic	a26c5e8568b04ed34c7e9619aca180e5c1d54b8a	resourcelifetime	server_test.go:80:15	resourcelifetime/missing-release	false-positive	memory-or-empty-http-body	present	present	active-reported	.build/followup207-resource-baseline/rcrowley__go-tigertonic__7f07943dc8.receipt.json	.build/followup207-head-v3/rcrowley__go-tigertonic__7f07943dc8.receipt.json
51	regclient/regclient	43d2acb9fafd411acbe081bf6c4b6b82cadc6251	resourcelifetime	scheme/ocidir/blob.go:54:13	resourcelifetime/missing-release	false-positive	returned-or-retained-owner	present	present	active-reported	.build/followup207-resource-baseline/regclient__regclient__4cd6f1901f.receipt.json	.build/followup207-head-v3/regclient__regclient__4cd6f1901f.receipt.json
51	rusq/slackdump	f7319928b0993b23d7e9bd8af5e4c69b6f1d2af4	resourcelifetime	internal/chunk/filemgr_test.go:163:16	resourcelifetime/missing-release	false-positive	fixture-prevents-acquisition	present	absent	verified-absent	.build/followup207-resource-baseline/rusq__slackdump__380e962569.receipt.json	.build/followup207-head-v3/rusq__slackdump__380e962569.receipt.json
51	rusq/slackdump	f7319928b0993b23d7e9bd8af5e4c69b6f1d2af4	resourcelifetime	internal/chunk/filemgr_test.go:300:16	resourcelifetime/missing-release	false-positive	receiver-manager-ownership	present	absent	verified-absent	.build/followup207-resource-baseline/rusq__slackdump__380e962569.receipt.json	.build/followup207-head-v3/rusq__slackdump__380e962569.receipt.json
51	rusq/slackdump	f7319928b0993b23d7e9bd8af5e4c69b6f1d2af4	resourcelifetime	internal/chunk/filemgr_test.go:304:16	resourcelifetime/missing-release	false-positive	receiver-manager-ownership	present	absent	verified-absent	.build/followup207-resource-baseline/rusq__slackdump__380e962569.receipt.json	.build/followup207-head-v3/rusq__slackdump__380e962569.receipt.json
51	rusq/slackdump	f7319928b0993b23d7e9bd8af5e4c69b6f1d2af4	resourcelifetime	internal/chunk/filemgr_test.go:346:16	resourcelifetime/missing-release	false-positive	receiver-manager-ownership	present	absent	verified-absent	.build/followup207-resource-baseline/rusq__slackdump__380e962569.receipt.json	.build/followup207-head-v3/rusq__slackdump__380e962569.receipt.json
51	tractordev/wanix	6594fe3763eb8712e81914f78b79243bb403f5cc	resourcelifetime	rc/gzip/pkggzip/file.go:121:15	resourcelifetime/missing-release	false-positive	correlated-error-or-guard	present	absent	verified-absent	.build/followup207-resource-baseline/tractordev__wanix__a535476893.receipt.json	.build/followup207-head-v3/tractordev__wanix__a535476893.receipt.json
51	zema1/suo5	6904c18e276c2dc36250838d68135a5893c4f66b	resourcelifetime	suo5/client.go:249:15	resourcelifetime/missing-release	false-positive	correlated-error-or-guard	present	absent	verified-absent	.build/followup207-resource-baseline/zema1__suo5__b8d3a5b646.receipt.json	.build/followup207-head-v3/zema1__suo5__b8d3a5b646.receipt.json
52	AdguardTeam/AdGuardDNS	2fd833d59bfccc2dd4941e1b687b7014842f3529	resourcelifetime	internal/filter/internal/refreshable/file.go:26:15	resourcelifetime/missing-release	false-positive	correlated-error-or-guard	present	present	active-reported	.build/followup207-resource-baseline/AdguardTeam__AdGuardDNS__080018b2e6.receipt.json	.build/followup207-head-v3/AdguardTeam__AdGuardDNS__080018b2e6.receipt.json
52	alexellis/arkade	0a0a800fd7554d4eddb1856f9ef8a21214e95bab	resourcelifetime	pkg/get/get.go:244:14	resourcelifetime/missing-release	false-positive	memory-or-empty-http-body	present	absent	verified-absent	.build/followup207-resource-baseline/alexellis__arkade__b37bce3f79.receipt.json	.build/followup207-head-v3/alexellis__arkade__b37bce3f79.receipt.json
52	andydunstall/piko	dd4356dfd307006380794952e4a8ccf9edcfa404	resourcelifetime	server/admin/server_test.go:354:13	resourcelifetime/missing-release	false-positive	fixture-prevents-acquisition	present	present	active-reported	.build/followup207-resource-baseline/andydunstall__piko__64fdafeb45.receipt.json	.build/followup207-head-v3/andydunstall__piko__64fdafeb45.receipt.json
52	ClickHouse/clickhouse-go	c37b81ff305c5fe8ab8511fb009504aec46957e0	resourcelifetime	benchmark/v2/read/main.go:13:15	resourcelifetime/missing-release	false-positive	process-bounded-lifetime	present	present	active-reported	.build/followup207-resource-baseline/ClickHouse__clickhouse-go__287b0aab07.receipt.json	.build/followup207-head-v3/ClickHouse__clickhouse-go__287b0aab07.receipt.json
52	ClickHouse/clickhouse-go	c37b81ff305c5fe8ab8511fb009504aec46957e0	resourcelifetime	benchmark/v2/read/main.go:39:15	resourcelifetime/missing-release	false-positive	process-bounded-lifetime	present	present	active-reported	.build/followup207-resource-baseline/ClickHouse__clickhouse-go__287b0aab07.receipt.json	.build/followup207-head-v3/ClickHouse__clickhouse-go__287b0aab07.receipt.json
52	ClickHouse/clickhouse-go	c37b81ff305c5fe8ab8511fb009504aec46957e0	resourcelifetime	benchmark/v2/write/main.go:22:16	resourcelifetime/missing-release	false-positive	process-bounded-lifetime	present	present	active-reported	.build/followup207-resource-baseline/ClickHouse__clickhouse-go__0687a59242.receipt.json	.build/followup207-head-v3/ClickHouse__clickhouse-go__0687a59242.receipt.json
52	container2wasm/container2wasm	ecb4caa499f19f1d5cfcddd43b80aa78f98e5102	resourcelifetime	cmd/init/main.go:260:13	resourcelifetime/missing-release	false-positive	process-bounded-lifetime	present	present	active-reported	.build/followup207-resource-baseline/container2wasm__container2wasm__dcc38cc665.receipt.json	.build/followup207-head-v3/container2wasm__container2wasm__dcc38cc665.receipt.json
52	container2wasm/container2wasm	ecb4caa499f19f1d5cfcddd43b80aa78f98e5102	resourcelifetime	cmd/init/main.go:268:12	resourcelifetime/missing-release	false-positive	process-bounded-lifetime	present	present	active-reported	.build/followup207-resource-baseline/container2wasm__container2wasm__dcc38cc665.receipt.json	.build/followup207-head-v3/container2wasm__container2wasm__dcc38cc665.receipt.json
52	fortio/fortio	5c19725ff61c9f7ad944b91ec32d96a399341d87	resourcelifetime	cli/fortio_main.go:506:13	resourcelifetime/missing-release	false-positive	correlated-error-or-guard	present	present	active-reported	.build/followup207-resource-baseline/fortio__fortio__8ab9107c6b.receipt.json	.build/followup207-head-v3/fortio__fortio__8ab9107c6b.receipt.json
52	fortio/fortio	5c19725ff61c9f7ad944b91ec32d96a399341d87	resourcelifetime	fhttp/httprunner.go:202:13	resourcelifetime/missing-release	false-positive	correlated-error-or-guard	present	absent	verified-absent	.build/followup207-resource-baseline/fortio__fortio__9f0788bd3f.receipt.json	.build/followup207-head-v3/fortio__fortio__9f0788bd3f.receipt.json
52	getkin/kin-openapi	e7ecca9a44a420e0687072d30916fcd6a6bfba07	resourcelifetime	openapi3filter/issue743_test.go:203:15	resourcelifetime/missing-release	false-positive	memory-or-empty-http-body	present	present	active-reported	.build/followup207-resource-baseline/getkin__kin-openapi__88ff117d25.receipt.json	.build/followup207-head-v3/getkin__kin-openapi__88ff117d25.receipt.json
52	ivaaaan/smug	8320fb4c24d10c6303d2d1254f7eee201a4e6b9f	resourcelifetime	main.go:65:18	resourcelifetime/missing-release	false-positive	retained-logging-output	present	absent	verified-absent	.build/followup207-resource-baseline/ivaaaan__smug__657ad5343c.receipt.json	.build/followup207-head-v3/ivaaaan__smug__657ad5343c.receipt.json
52	minio/minio-go	32e1f32cb176a611dbed3b37c15fda8c2d9ccf36	resourcelifetime	api-putobject-snowball.go:123:13	resourcelifetime/missing-release	false-positive	retained-callback-cleanup	present	present	active-reported	.build/followup207-resource-baseline/minio__minio-go__137eeca4b9.receipt.json	.build/followup207-head-v3/minio__minio-go__137eeca4b9.receipt.json
52	mutagen-io/mutagen	6ccfeaaf4dfd261e59ef9aac56e3c157b62e605b	resourcelifetime	tools/scan_bench/main.go:144:16	resourcelifetime/missing-release	false-positive	correlated-error-or-guard	present	absent	verified-absent	.build/followup207-resource-baseline/mutagen-io__mutagen__474bba6da0.receipt.json	.build/followup207-head-v3/mutagen-io__mutagen__474bba6da0.receipt.json
52	mutagen-io/mutagen	6ccfeaaf4dfd261e59ef9aac56e3c157b62e605b	resourcelifetime	tools/scan_bench/main.go:181:22	resourcelifetime/missing-release	false-positive	correlated-error-or-guard	present	absent	verified-absent	.build/followup207-resource-baseline/mutagen-io__mutagen__474bba6da0.receipt.json	.build/followup207-head-v3/mutagen-io__mutagen__474bba6da0.receipt.json
52	mutagen-io/mutagen	6ccfeaaf4dfd261e59ef9aac56e3c157b62e605b	resourcelifetime	tools/scan_bench/main.go:224:22	resourcelifetime/missing-release	false-positive	correlated-error-or-guard	present	absent	verified-absent	.build/followup207-resource-baseline/mutagen-io__mutagen__474bba6da0.receipt.json	.build/followup207-head-v3/mutagen-io__mutagen__474bba6da0.receipt.json
52	mutagen-io/mutagen	6ccfeaaf4dfd261e59ef9aac56e3c157b62e605b	resourcelifetime	tools/scan_bench/main.go:265:22	resourcelifetime/missing-release	false-positive	correlated-error-or-guard	present	absent	verified-absent	.build/followup207-resource-baseline/mutagen-io__mutagen__474bba6da0.receipt.json	.build/followup207-head-v3/mutagen-io__mutagen__474bba6da0.receipt.json
52	mutagen-io/mutagen	6ccfeaaf4dfd261e59ef9aac56e3c157b62e605b	resourcelifetime	tools/scan_bench/main.go:304:22	resourcelifetime/missing-release	false-positive	correlated-error-or-guard	present	absent	verified-absent	.build/followup207-resource-baseline/mutagen-io__mutagen__474bba6da0.receipt.json	.build/followup207-head-v3/mutagen-io__mutagen__474bba6da0.receipt.json
52	mutagen-io/mutagen	6ccfeaaf4dfd261e59ef9aac56e3c157b62e605b	resourcelifetime	tools/scan_bench/main.go:380:22	resourcelifetime/missing-release	false-positive	correlated-error-or-guard	present	absent	verified-absent	.build/followup207-resource-baseline/mutagen-io__mutagen__474bba6da0.receipt.json	.build/followup207-head-v3/mutagen-io__mutagen__474bba6da0.receipt.json
52	mutagen-io/mutagen	6ccfeaaf4dfd261e59ef9aac56e3c157b62e605b	resourcelifetime	tools/scan_bench/main.go:401:22	resourcelifetime/missing-release	false-positive	correlated-error-or-guard	present	absent	verified-absent	.build/followup207-resource-baseline/mutagen-io__mutagen__474bba6da0.receipt.json	.build/followup207-head-v3/mutagen-io__mutagen__474bba6da0.receipt.json
52	mutagen-io/mutagen	6ccfeaaf4dfd261e59ef9aac56e3c157b62e605b	resourcelifetime	tools/scan_bench/main.go:464:22	resourcelifetime/missing-release	false-positive	correlated-error-or-guard	present	absent	verified-absent	.build/followup207-resource-baseline/mutagen-io__mutagen__474bba6da0.receipt.json	.build/followup207-head-v3/mutagen-io__mutagen__474bba6da0.receipt.json
52	mutagen-io/mutagen	6ccfeaaf4dfd261e59ef9aac56e3c157b62e605b	resourcelifetime	tools/scan_bench/main.go:484:22	resourcelifetime/missing-release	false-positive	correlated-error-or-guard	present	absent	verified-absent	.build/followup207-resource-baseline/mutagen-io__mutagen__474bba6da0.receipt.json	.build/followup207-head-v3/mutagen-io__mutagen__474bba6da0.receipt.json
52	onedr0p/exportarr	52bb6eb3b80d2a1bf5f6532567ca7f7da50bdc95	resourcelifetime	internal/arr/client/auth_test.go:109:11	resourcelifetime/missing-release	false-positive	memory-or-empty-http-body	present	present	active-reported	.build/followup207-resource-baseline/onedr0p__exportarr__9c67472876.receipt.json	.build/followup207-head-v3/onedr0p__exportarr__9c67472876.receipt.json
52	onedr0p/exportarr	52bb6eb3b80d2a1bf5f6532567ca7f7da50bdc95	resourcelifetime	internal/arr/client/auth_test.go:136:12	resourcelifetime/missing-release	false-positive	fixture-prevents-acquisition	present	present	active-reported	.build/followup207-resource-baseline/onedr0p__exportarr__9c67472876.receipt.json	.build/followup207-head-v3/onedr0p__exportarr__9c67472876.receipt.json
52	onedr0p/exportarr	52bb6eb3b80d2a1bf5f6532567ca7f7da50bdc95	resourcelifetime	internal/arr/client/auth_test.go:177:13	resourcelifetime/missing-release	false-positive	fixture-prevents-acquisition	present	present	active-reported	.build/followup207-resource-baseline/onedr0p__exportarr__9c67472876.receipt.json	.build/followup207-head-v3/onedr0p__exportarr__9c67472876.receipt.json
52	onedr0p/exportarr	52bb6eb3b80d2a1bf5f6532567ca7f7da50bdc95	resourcelifetime	internal/arr/client/auth_test.go:202:13	resourcelifetime/missing-release	false-positive	memory-or-empty-http-body	present	present	active-reported	.build/followup207-resource-baseline/onedr0p__exportarr__9c67472876.receipt.json	.build/followup207-head-v3/onedr0p__exportarr__9c67472876.receipt.json
52	onedr0p/exportarr	52bb6eb3b80d2a1bf5f6532567ca7f7da50bdc95	resourcelifetime	internal/arr/client/auth_test.go:58:13	resourcelifetime/missing-release	false-positive	memory-or-empty-http-body	present	present	active-reported	.build/followup207-resource-baseline/onedr0p__exportarr__9c67472876.receipt.json	.build/followup207-head-v3/onedr0p__exportarr__9c67472876.receipt.json
52	openpcc/openpcc	911390a80afcbe6dfb48987a641ab345494b1eca	resourcelifetime	client_test.go:948:12	resourcelifetime/missing-release	false-positive	fixture-prevents-acquisition	present	present	active-reported	.build/followup207-resource-baseline/openpcc__openpcc__bda4765e1d.receipt.json	.build/followup207-head-v3/openpcc__openpcc__bda4765e1d.receipt.json
52	rfjakob/gocryptfs	842af4463989ee6808d397433e9aba8517e49c89	resourcelifetime	tests/cli/cli_test.go:380:11	resourcelifetime/missing-release	false-positive	fixture-prevents-acquisition	present	present	active-reported	.build/followup207-resource-baseline/rfjakob__gocryptfs__3429485823.receipt.json	.build/followup207-head-v3/rfjakob__gocryptfs__3429485823.receipt.json
52	shijuvar/gokit	4b5abbb8d4e6497a1eef211cb823c18b7977dde4	resourcelifetime	examples/bookmark-api/apputil/logger.go:60:12	resourcelifetime/missing-release	false-positive	retained-logging-output	present	absent	verified-absent	.build/followup207-resource-baseline/shijuvar__gokit__1d8fe1b028.receipt.json	.build/followup207-head-v3/shijuvar__gokit__1d8fe1b028.receipt.json
52	shijuvar/gokit	4b5abbb8d4e6497a1eef211cb823c18b7977dde4	resourcelifetime	log/log.go:59:12	resourcelifetime/missing-release	false-positive	retained-logging-output	present	absent	verified-absent	.build/followup207-resource-baseline/shijuvar__gokit__890d4a51f5.receipt.json	.build/followup207-head-v3/shijuvar__gokit__890d4a51f5.receipt.json
52	SignTools/SignTools	243154c0de9e8036bcd667c3264dafac3d8b0b42	resourcelifetime	main_test.go:245:14	resourcelifetime/missing-release	false-positive	memory-or-empty-http-body	present	present	active-reported	.build/followup207-resource-baseline/SignTools__SignTools__aecca360ab.receipt.json	.build/followup207-head-v3/SignTools__SignTools__aecca360ab.receipt.json
52	testcontainers/testcontainers-go	096293a2dfd3067dae1c4921ad1f5e45e879dc91	resourcelifetime	logconsumer_test.go:102:11	resourcelifetime/missing-release	false-positive	memory-or-empty-http-body	present	present	active-reported	.build/followup207-resource-baseline/testcontainers__testcontainers-go__40aac55a4f.receipt.json	.build/followup207-head-v3/testcontainers__testcontainers-go__40aac55a4f.receipt.json
52	testcontainers/testcontainers-go	096293a2dfd3067dae1c4921ad1f5e45e879dc91	resourcelifetime	logconsumer_test.go:105:11	resourcelifetime/missing-release	false-positive	memory-or-empty-http-body	present	present	active-reported	.build/followup207-resource-baseline/testcontainers__testcontainers-go__40aac55a4f.receipt.json	.build/followup207-head-v3/testcontainers__testcontainers-go__40aac55a4f.receipt.json
52	testcontainers/testcontainers-go	096293a2dfd3067dae1c4921ad1f5e45e879dc91	resourcelifetime	logconsumer_test.go:158:11	resourcelifetime/missing-release	false-positive	memory-or-empty-http-body	present	present	active-reported	.build/followup207-resource-baseline/testcontainers__testcontainers-go__40aac55a4f.receipt.json	.build/followup207-head-v3/testcontainers__testcontainers-go__40aac55a4f.receipt.json
52	testcontainers/testcontainers-go	096293a2dfd3067dae1c4921ad1f5e45e879dc91	resourcelifetime	logconsumer_test.go:161:11	resourcelifetime/missing-release	false-positive	memory-or-empty-http-body	present	present	active-reported	.build/followup207-resource-baseline/testcontainers__testcontainers-go__40aac55a4f.receipt.json	.build/followup207-head-v3/testcontainers__testcontainers-go__40aac55a4f.receipt.json
52	testcontainers/testcontainers-go	096293a2dfd3067dae1c4921ad1f5e45e879dc91	resourcelifetime	logconsumer_test.go:164:11	resourcelifetime/missing-release	false-positive	memory-or-empty-http-body	present	present	active-reported	.build/followup207-resource-baseline/testcontainers__testcontainers-go__40aac55a4f.receipt.json	.build/followup207-head-v3/testcontainers__testcontainers-go__40aac55a4f.receipt.json
52	testcontainers/testcontainers-go	096293a2dfd3067dae1c4921ad1f5e45e879dc91	resourcelifetime	logconsumer_test.go:208:11	resourcelifetime/missing-release	false-positive	memory-or-empty-http-body	present	present	active-reported	.build/followup207-resource-baseline/testcontainers__testcontainers-go__40aac55a4f.receipt.json	.build/followup207-head-v3/testcontainers__testcontainers-go__40aac55a4f.receipt.json
52	testcontainers/testcontainers-go	096293a2dfd3067dae1c4921ad1f5e45e879dc91	resourcelifetime	logconsumer_test.go:211:11	resourcelifetime/missing-release	false-positive	memory-or-empty-http-body	present	present	active-reported	.build/followup207-resource-baseline/testcontainers__testcontainers-go__40aac55a4f.receipt.json	.build/followup207-head-v3/testcontainers__testcontainers-go__40aac55a4f.receipt.json
52	testcontainers/testcontainers-go	096293a2dfd3067dae1c4921ad1f5e45e879dc91	resourcelifetime	logconsumer_test.go:416:11	resourcelifetime/missing-release	false-positive	memory-or-empty-http-body	present	present	active-reported	.build/followup207-resource-baseline/testcontainers__testcontainers-go__40aac55a4f.receipt.json	.build/followup207-head-v3/testcontainers__testcontainers-go__40aac55a4f.receipt.json
52	testcontainers/testcontainers-go	096293a2dfd3067dae1c4921ad1f5e45e879dc91	resourcelifetime	logconsumer_test.go:419:11	resourcelifetime/missing-release	false-positive	memory-or-empty-http-body	present	present	active-reported	.build/followup207-resource-baseline/testcontainers__testcontainers-go__40aac55a4f.receipt.json	.build/followup207-head-v3/testcontainers__testcontainers-go__40aac55a4f.receipt.json
52	testcontainers/testcontainers-go	096293a2dfd3067dae1c4921ad1f5e45e879dc91	resourcelifetime	logconsumer_test.go:422:11	resourcelifetime/missing-release	false-positive	memory-or-empty-http-body	present	present	active-reported	.build/followup207-resource-baseline/testcontainers__testcontainers-go__40aac55a4f.receipt.json	.build/followup207-head-v3/testcontainers__testcontainers-go__40aac55a4f.receipt.json
52	testcontainers/testcontainers-go	096293a2dfd3067dae1c4921ad1f5e45e879dc91	resourcelifetime	logconsumer_test.go:558:11	resourcelifetime/missing-release	false-positive	memory-or-empty-http-body	present	present	active-reported	.build/followup207-resource-baseline/testcontainers__testcontainers-go__40aac55a4f.receipt.json	.build/followup207-head-v3/testcontainers__testcontainers-go__40aac55a4f.receipt.json
52	testcontainers/testcontainers-go	096293a2dfd3067dae1c4921ad1f5e45e879dc91	resourcelifetime	logconsumer_test.go:561:11	resourcelifetime/missing-release	false-positive	memory-or-empty-http-body	present	present	active-reported	.build/followup207-resource-baseline/testcontainers__testcontainers-go__40aac55a4f.receipt.json	.build/followup207-head-v3/testcontainers__testcontainers-go__40aac55a4f.receipt.json
52	testcontainers/testcontainers-go	096293a2dfd3067dae1c4921ad1f5e45e879dc91	resourcelifetime	logconsumer_test.go:589:11	resourcelifetime/missing-release	false-positive	memory-or-empty-http-body	present	present	active-reported	.build/followup207-resource-baseline/testcontainers__testcontainers-go__40aac55a4f.receipt.json	.build/followup207-head-v3/testcontainers__testcontainers-go__40aac55a4f.receipt.json
52	testcontainers/testcontainers-go	096293a2dfd3067dae1c4921ad1f5e45e879dc91	resourcelifetime	logconsumer_test.go:592:11	resourcelifetime/missing-release	false-positive	memory-or-empty-http-body	present	present	active-reported	.build/followup207-resource-baseline/testcontainers__testcontainers-go__40aac55a4f.receipt.json	.build/followup207-head-v3/testcontainers__testcontainers-go__40aac55a4f.receipt.json
52	testcontainers/testcontainers-go	096293a2dfd3067dae1c4921ad1f5e45e879dc91	resourcelifetime	logconsumer_test.go:99:11	resourcelifetime/missing-release	false-positive	memory-or-empty-http-body	present	present	active-reported	.build/followup207-resource-baseline/testcontainers__testcontainers-go__40aac55a4f.receipt.json	.build/followup207-head-v3/testcontainers__testcontainers-go__40aac55a4f.receipt.json
52	tus/tusd	c9d174d0e20c69f24e9785d2f639df4da1c4fdc5	resourcelifetime	internal/e2e/e2e_test.go:316:11	resourcelifetime/missing-release	false-positive	fixture-prevents-acquisition	present	present	active-reported	.build/followup207-resource-baseline/tus__tusd__ed1ae9e9a1.receipt.json	.build/followup207-head-v3/tus__tusd__ed1ae9e9a1.receipt.json
52	vmware/govmomi	f621178aa667761021673d64430b751e8352823c	resourcelifetime	simulator/simulator_test.go:455:14	resourcelifetime/missing-release	false-positive	memory-or-empty-http-body	present	present	active-reported	.build/followup207-resource-baseline/vmware__govmomi__7e62fd211f.receipt.json	.build/followup207-head-v3/vmware__govmomi__7e62fd211f.receipt.json
52	vmware/govmomi	f621178aa667761021673d64430b751e8352823c	resourcelifetime	simulator/simulator_test.go:468:13	resourcelifetime/missing-release	false-positive	memory-or-empty-http-body	present	present	active-reported	.build/followup207-resource-baseline/vmware__govmomi__7e62fd211f.receipt.json	.build/followup207-head-v3/vmware__govmomi__7e62fd211f.receipt.json
52	vmware/govmomi	f621178aa667761021673d64430b751e8352823c	resourcelifetime	vmdk/writer_test.go:270:19	resourcelifetime/missing-release	false-positive	correlated-error-or-guard	present	present	active-reported	.build/followup207-resource-baseline/vmware__govmomi__9b5424aa53.receipt.json	.build/followup207-head-v3/vmware__govmomi__9b5424aa53.receipt.json
52	wallarm/api-firewall	8ed75e4ca7dc66998265a0cac3d32acd2f167211	resourcelifetime	cmd/api-firewall/internal/handlers/graphql/run.go:69:12	resourcelifetime/missing-release	false-positive	process-bounded-lifetime	present	present	active-reported	.build/followup207-resource-baseline/wallarm__api-firewall__dd2b078d9f.receipt.json	.build/followup207-head-v3/wallarm__api-firewall__dd2b078d9f.receipt.json
52	weave-os/router	4d6eae13407a5aaf533d4f62517e14332ecc055c	resourcelifetime	cmd/router-gateway/main_test.go:52:22	resourcelifetime/missing-release	false-positive	fixture-prevents-acquisition	present	present	active-reported	.build/followup207-resource-baseline/weave-os__router__4ad62efd94.receipt.json	.build/followup207-head-v3/weave-os__router__4ad62efd94.receipt.json
52	yandex-cloud/geesefs	dd847771b29b26f3246edaf3227acbc430f4548d	resourcelifetime	core/backend_azblob.go:90:15	resourcelifetime/missing-release	false-positive	returned-or-retained-owner	present	present	active-reported	.build/followup207-resource-baseline/yandex-cloud__geesefs__c9b900a4c0.receipt.json	.build/followup207-head-v3/yandex-cloud__geesefs__c9b900a4c0.receipt.json
52	yandex-cloud/geesefs	dd847771b29b26f3246edaf3227acbc430f4548d	resourcelifetime	core/backend_s3.go:148:15	resourcelifetime/missing-release	false-positive	correlated-error-or-guard	present	present	active-reported	.build/followup207-resource-baseline/yandex-cloud__geesefs__c9b900a4c0.receipt.json	.build/followup207-head-v3/yandex-cloud__geesefs__c9b900a4c0.receipt.json
52	yandex-cloud/geesefs	dd847771b29b26f3246edaf3227acbc430f4548d	resourcelifetime	core/cfg/logger.go:37:16	resourcelifetime/missing-release	false-positive	retained-logging-output	absent	absent	active-profile-dependent-absence	.build/followup207-resource-baseline/yandex-cloud__geesefs__4fa60ce649.receipt.json	.build/followup207-head-v3/yandex-cloud__geesefs__4fa60ce649.receipt.json
52	zmap/zgrab2	a1231792c51576f1818825fae51db042b4dcd41e	resourcelifetime	lib/http/response_test.go:673:9	resourcelifetime/missing-release	false-positive	correlated-error-or-guard	present	absent	verified-absent	.build/followup207-resource-baseline/zmap__zgrab2__db52e80134.receipt.json	.build/followup207-head-v3/zmap__zgrab2__db52e80134.receipt.json
53	apache/pulsar-client-go	1a6d7ac818c9daae9df5c37cb24c0695fabc9eec	resourcelifetime	pulsar/internal/compression/zlib.go:41:7	resourcelifetime/missing-release	false-positive	infallible-memory-operation	present	absent	verified-absent	.build/followup207-resource-baseline/apache__pulsar-client-go__caff6481a7.receipt.json	.build/followup207-head-v3/apache__pulsar-client-go__caff6481a7.receipt.json
53	buchgr/bazel-remote	a69b6b5ed933234d93b489ffd216bee5bb74aa06	resourcelifetime	cache/httpproxy/httpproxy.go:232:14	resourcelifetime/missing-release	false-positive	memory-or-empty-http-body	present	present	active-reported	.build/followup207-resource-baseline/buchgr__bazel-remote__54c4da7329.receipt.json	.build/followup207-head-v3/buchgr__bazel-remote__54c4da7329.receipt.json
53	buchgr/bazel-remote	a69b6b5ed933234d93b489ffd216bee5bb74aa06	resourcelifetime	cache/httpproxy/httpproxy.go:61:14	resourcelifetime/missing-release	false-positive	memory-or-empty-http-body	present	present	active-reported	.build/followup207-resource-baseline/buchgr__bazel-remote__54c4da7329.receipt.json	.build/followup207-head-v3/buchgr__bazel-remote__54c4da7329.receipt.json
53	deadsy/sdfx	a63cfbad6c5a0fe634ee2b393e970aaa7af7b866	resourcelifetime	render/stl.go:178:12	resourcelifetime/missing-release	false-positive	infallible-memory-operation	present	present	active-reported	.build/followup207-resource-baseline/deadsy__sdfx__190e1132f9.receipt.json	.build/followup207-head-v3/deadsy__sdfx__190e1132f9.receipt.json
53	getsentry/sentry-go	a6a3d0b693bc8e93c4e098b4784b5b1145a21a14	resourcelifetime	http/example_test.go:23:13	resourcelifetime/missing-release	false-positive	invalid-http-url	present	present	active-reported	.build/followup207-resource-baseline/getsentry__sentry-go__4a6db9b2b0.receipt.json	.build/followup207-head-v3/getsentry__sentry-go__4a6db9b2b0.receipt.json
53	go-pkgz/auth	5f6d12c4a12e6cf7b1934dc10d8127969ac7e7b1	resourcelifetime	token/jwt_test.go:481:15	resourcelifetime/missing-release	false-positive	memory-or-empty-http-body	present	present	active-reported	.build/followup207-resource-baseline/go-pkgz__auth__b582864269.receipt.json	.build/followup207-head-v3/go-pkgz__auth__b582864269.receipt.json
53	go-pkgz/auth	5f6d12c4a12e6cf7b1934dc10d8127969ac7e7b1	resourcelifetime	token/jwt_test.go:523:15	resourcelifetime/missing-release	false-positive	memory-or-empty-http-body	present	present	active-reported	.build/followup207-resource-baseline/go-pkgz__auth__b582864269.receipt.json	.build/followup207-head-v3/go-pkgz__auth__b582864269.receipt.json
53	go-pkgz/auth	5f6d12c4a12e6cf7b1934dc10d8127969ac7e7b1	resourcelifetime	token/jwt_test.go:568:15	resourcelifetime/missing-release	false-positive	memory-or-empty-http-body	present	present	active-reported	.build/followup207-resource-baseline/go-pkgz__auth__b582864269.receipt.json	.build/followup207-head-v3/go-pkgz__auth__b582864269.receipt.json
53	go-pkgz/auth	5f6d12c4a12e6cf7b1934dc10d8127969ac7e7b1	resourcelifetime	token/jwt_test.go:617:15	resourcelifetime/missing-release	false-positive	memory-or-empty-http-body	present	present	active-reported	.build/followup207-resource-baseline/go-pkgz__auth__b582864269.receipt.json	.build/followup207-head-v3/go-pkgz__auth__b582864269.receipt.json
53	go-pkgz/auth	5f6d12c4a12e6cf7b1934dc10d8127969ac7e7b1	resourcelifetime	token/jwt_test.go:644:15	resourcelifetime/missing-release	false-positive	memory-or-empty-http-body	present	absent	verified-absent	.build/followup207-resource-baseline/go-pkgz__auth__b582864269.receipt.json	.build/followup207-head-v3/go-pkgz__auth__b582864269.receipt.json
53	go-pkgz/auth	5f6d12c4a12e6cf7b1934dc10d8127969ac7e7b1	resourcelifetime	v2/token/jwt_test.go:481:15	resourcelifetime/missing-release	false-positive	memory-or-empty-http-body	present	present	active-reported	.build/followup207-resource-baseline/go-pkgz__auth__40d3ed478f.receipt.json	.build/followup207-head-v3/go-pkgz__auth__40d3ed478f.receipt.json
53	go-pkgz/auth	5f6d12c4a12e6cf7b1934dc10d8127969ac7e7b1	resourcelifetime	v2/token/jwt_test.go:523:15	resourcelifetime/missing-release	false-positive	memory-or-empty-http-body	present	present	active-reported	.build/followup207-resource-baseline/go-pkgz__auth__40d3ed478f.receipt.json	.build/followup207-head-v3/go-pkgz__auth__40d3ed478f.receipt.json
53	go-pkgz/auth	5f6d12c4a12e6cf7b1934dc10d8127969ac7e7b1	resourcelifetime	v2/token/jwt_test.go:568:15	resourcelifetime/missing-release	false-positive	memory-or-empty-http-body	present	present	active-reported	.build/followup207-resource-baseline/go-pkgz__auth__40d3ed478f.receipt.json	.build/followup207-head-v3/go-pkgz__auth__40d3ed478f.receipt.json
53	go-pkgz/auth	5f6d12c4a12e6cf7b1934dc10d8127969ac7e7b1	resourcelifetime	v2/token/jwt_test.go:617:15	resourcelifetime/missing-release	false-positive	memory-or-empty-http-body	present	present	active-reported	.build/followup207-resource-baseline/go-pkgz__auth__40d3ed478f.receipt.json	.build/followup207-head-v3/go-pkgz__auth__40d3ed478f.receipt.json
53	go-pkgz/auth	5f6d12c4a12e6cf7b1934dc10d8127969ac7e7b1	resourcelifetime	v2/token/jwt_test.go:644:15	resourcelifetime/missing-release	false-positive	memory-or-empty-http-body	present	absent	verified-absent	.build/followup207-resource-baseline/go-pkgz__auth__40d3ed478f.receipt.json	.build/followup207-head-v3/go-pkgz__auth__40d3ed478f.receipt.json
53	norwoodj/helm-docs	a5573af096a4b526dcbc3c896c220b1714a0765b	resourcelifetime	pkg/helm/chart_info.go:241:21	resourcelifetime/missing-release	false-positive	correlated-error-or-guard	present	absent	verified-absent	.build/followup207-resource-baseline/norwoodj__helm-docs__c477062ecc.receipt.json	.build/followup207-head-v3/norwoodj__helm-docs__c477062ecc.receipt.json
53	RedTeamPentesting/pretender	95e632e851ff25bca1ab45c3cb0c4efb71711e07	resourcelifetime	cli.go:376:13	resourcelifetime/missing-release	false-positive	returned-or-retained-owner	present	present	active-reported	.build/followup207-resource-baseline/RedTeamPentesting__pretender__fd9e5769b7.receipt.json	.build/followup207-head-v3/RedTeamPentesting__pretender__fd9e5769b7.receipt.json
53	uniqush/uniqush-push	b3c23fe0271ecf428cf78197c59711bcd05eb88f	resourcelifetime	configparser.go:169:18	resourcelifetime/missing-release	false-positive	returned-or-retained-owner	present	present	active-reported	.build/followup207-resource-baseline/uniqush__uniqush-push__da08de2d59.receipt.json	.build/followup207-head-v3/uniqush__uniqush-push__da08de2d59.receipt.json
53	vishen/go-chromecast	5dd70bb91787fe28e3d8946682c66cb2a1d61d21	resourcelifetime	application/application.go:728:15	resourcelifetime/missing-release	false-positive	memory-or-empty-http-body	present	absent	verified-absent	.build/followup207-resource-baseline/vishen__go-chromecast__5d6e9a674f.receipt.json	.build/followup207-head-v3/vishen__go-chromecast__5d6e9a674f.receipt.json
53	XmirrorSecurity/OpenSCA-cli	7628bb0817054347d4d031292977ca059a78009a	resourcelifetime	opensca/walk/download.go:68:15	resourcelifetime/missing-release	false-positive	memory-or-empty-http-body	present	present	active-reported	.build/followup207-resource-baseline/XmirrorSecurity__OpenSCA-cli__f1688fdd6b.receipt.json	.build/followup207-head-v3/XmirrorSecurity__OpenSCA-cli__f1688fdd6b.receipt.json
54	aetaric/checkrr	323bef3c4acf9f775961d1cedeef476f1a7b2577	resourcelifetime	logging/log_unix.go:79:22	resourcelifetime/missing-release	false-positive	retained-logging-output	present	present	active-reported	.build/followup207-resource-baseline/aetaric__checkrr__2f215d771d.receipt.json	.build/followup207-head-v3/aetaric__checkrr__2f215d771d.receipt.json
54	aetaric/checkrr	323bef3c4acf9f775961d1cedeef476f1a7b2577	resourcelifetime	logging/log_unix.go:91:22	resourcelifetime/missing-release	false-positive	retained-logging-output	present	present	active-reported	.build/followup207-resource-baseline/aetaric__checkrr__2f215d771d.receipt.json	.build/followup207-head-v3/aetaric__checkrr__2f215d771d.receipt.json
54	agola-io/agola	a5ca7877e3b77d38c6fd24a0f16d7267fc2dea12	resourcelifetime	tests/api_test.go:3137:12	resourcelifetime/missing-release	false-positive	returned-or-retained-owner	present	present	active-reported	.build/followup207-resource-baseline/agola-io__agola__7391e74a01.receipt.json	.build/followup207-head-v3/agola-io__agola__7391e74a01.receipt.json
54	antonmedv/gitmal	83be9ddcf82e8a90ea50a9d54c1ebfc3e22ace16	resourcelifetime	blob.go:106:16	resourcelifetime/missing-release	false-positive	correlated-error-or-guard	present	absent	verified-absent	.build/followup207-resource-baseline/antonmedv__gitmal__7881c8cfdd.receipt.json	.build/followup207-head-v3/antonmedv__gitmal__7881c8cfdd.receipt.json
54	antonmedv/gitmal	83be9ddcf82e8a90ea50a9d54c1ebfc3e22ace16	resourcelifetime	blob.go:178:19	resourcelifetime/missing-release	false-positive	correlated-error-or-guard	present	absent	verified-absent	.build/followup207-resource-baseline/antonmedv__gitmal__7881c8cfdd.receipt.json	.build/followup207-head-v3/antonmedv__gitmal__7881c8cfdd.receipt.json
54	antonmedv/gitmal	83be9ddcf82e8a90ea50a9d54c1ebfc3e22ace16	resourcelifetime	list.go:158:16	resourcelifetime/missing-release	false-positive	correlated-error-or-guard	present	absent	verified-absent	.build/followup207-resource-baseline/antonmedv__gitmal__7881c8cfdd.receipt.json	.build/followup207-head-v3/antonmedv__gitmal__7881c8cfdd.receipt.json
54	devfeel/dotweb	d5bf658955358d6b4aa98ae6c0c96b1609a3340b	resourcelifetime	server.go:579:14	resourcelifetime/missing-release	false-positive	returned-or-retained-owner	present	present	active-reported	.build/followup207-resource-baseline/devfeel__dotweb__ddfbdcf60b.receipt.json	.build/followup207-head-v3/devfeel__dotweb__ddfbdcf60b.receipt.json
54	m13253/dns-over-https	82c5f0d3277d258534782c8f827be51bacadec70	resourcelifetime	doh-client/selector/lvsWRRSelector.go:94:19	resourcelifetime/missing-release	false-positive	correlated-error-or-guard	present	present	active-reported	.build/followup207-resource-baseline/m13253__dns-over-https__0c7b755682.receipt.json	.build/followup207-head-v3/m13253__dns-over-https__0c7b755682.receipt.json
54	m13253/dns-over-https	82c5f0d3277d258534782c8f827be51bacadec70	resourcelifetime	doh-client/selector/nginxWRRSelector.go:87:19	resourcelifetime/missing-release	false-positive	correlated-error-or-guard	present	present	active-reported	.build/followup207-resource-baseline/m13253__dns-over-https__0c7b755682.receipt.json	.build/followup207-head-v3/m13253__dns-over-https__0c7b755682.receipt.json
54	megaease/easeprobe	5396580193dfbc305f5586e5c1588010fdcc3e13	resourcelifetime	daemon/daemon_test.go:117:14	resourcelifetime/missing-release	false-positive	fixture-prevents-acquisition	present	present	active-reported	.build/followup207-resource-baseline/megaease__easeprobe__9f1dc0cf60.receipt.json	.build/followup207-head-v3/megaease__easeprobe__9f1dc0cf60.receipt.json
54	megaease/easeprobe	5396580193dfbc305f5586e5c1588010fdcc3e13	resourcelifetime	daemon/daemon_test.go:127:14	resourcelifetime/missing-release	false-positive	fixture-prevents-acquisition	present	present	active-reported	.build/followup207-resource-baseline/megaease__easeprobe__9f1dc0cf60.receipt.json	.build/followup207-head-v3/megaease__easeprobe__9f1dc0cf60.receipt.json
54	megaease/easeprobe	5396580193dfbc305f5586e5c1588010fdcc3e13	resourcelifetime	daemon/daemon_test.go:136:14	resourcelifetime/missing-release	false-positive	fixture-prevents-acquisition	present	present	active-reported	.build/followup207-resource-baseline/megaease__easeprobe__9f1dc0cf60.receipt.json	.build/followup207-head-v3/megaease__easeprobe__9f1dc0cf60.receipt.json
54	megaease/easeprobe	5396580193dfbc305f5586e5c1588010fdcc3e13	resourcelifetime	daemon/daemon_test.go:98:15	resourcelifetime/missing-release	false-positive	fixture-prevents-acquisition	present	present	active-reported	.build/followup207-resource-baseline/megaease__easeprobe__9f1dc0cf60.receipt.json	.build/followup207-head-v3/megaease__easeprobe__9f1dc0cf60.receipt.json
54	nalgeon/codapi	079d3a455c2d5ce342323e4724d73846ff973bd0	resourcelifetime	internal/server/server_test.go:19:15	resourcelifetime/missing-release	false-positive	memory-or-empty-http-body	present	present	active-reported	.build/followup207-resource-baseline/nalgeon__codapi__490801000f.receipt.json	.build/followup207-head-v3/nalgeon__codapi__490801000f.receipt.json
54	ozontech/file.d	5379bc2005906fde3aa0a05f6bf574dcd7111404	resourcelifetime	plugin/input/file/provider.go:382:15	resourcelifetime/missing-release	false-positive	receiver-manager-ownership	present	present	active-reported	.build/followup207-resource-baseline/ozontech__file.d__474df354a5.receipt.json	.build/followup207-head-v3/ozontech__file.d__474df354a5.receipt.json
54	protomaps/go-pmtiles	a3e4951ea6a0477b784c27c1dcbfd9c130878c5a	resourcelifetime	pmtiles/sync.go:249:16	resourcelifetime/missing-release	false-positive	memory-or-empty-http-body	present	absent	verified-absent	.build/followup207-resource-baseline/protomaps__go-pmtiles__1c53f0e7fe.receipt.json	.build/followup207-head-v3/protomaps__go-pmtiles__1c53f0e7fe.receipt.json
54	restic/rest-server	ca666baf9c65b18a6816ebd4f6ad5893e8921d61	resourcelifetime	mux.go:31:20	resourcelifetime/missing-release	false-positive	returned-or-retained-owner	present	present	active-reported	.build/followup207-resource-baseline/restic__rest-server__bf72abc697.receipt.json	.build/followup207-head-v3/restic__rest-server__bf72abc697.receipt.json
54	subtrace/subtrace	e3e3546b367ecc23d5fe5642491526ee969a6ff2	resourcelifetime	logging/logging.go:51:13	resourcelifetime/missing-release	false-positive	retained-logging-output	present	present	active-reported	.build/followup207-resource-baseline/subtrace__subtrace__1bbe22f080.receipt.json	.build/followup207-head-v3/subtrace__subtrace__1bbe22f080.receipt.json
54	zhenorzz/goploy	436d5e3f34718eb53e123e58d46e35857709a9dd	resourcelifetime	config/log.go:37:18	resourcelifetime/missing-release	false-positive	retained-logging-output	present	present	active-reported	.build/followup207-resource-baseline/zhenorzz__goploy__1f2d24b456.receipt.json	.build/followup207-head-v3/zhenorzz__goploy__1f2d24b456.receipt.json
55	cep21/circuit	076289099fe63d129cfa553c0d1d8c32b3ed8516	resourcelifetime	example_test.go:40:16	resourcelifetime/missing-release	false-positive	request-context-completion	present	present	active-reported	.build/followup207-resource-baseline/cep21__circuit__516ccd44a4.receipt.json	.build/followup207-head-v3/cep21__circuit__516ccd44a4.receipt.json
55	deweizhu/bookget	2cdbf6d6c3ce70355a5c4411c0faf3450e9ae877	resourcelifetime	pkg/downloader/downloader.go:522:15	resourcelifetime/missing-release	false-positive	memory-or-empty-http-body	present	absent	verified-absent	.build/followup207-resource-baseline/deweizhu__bookget__2139df0799.receipt.json	.build/followup207-head-v3/deweizhu__bookget__2139df0799.receipt.json
55	doitintl/kube-no-trouble	2366d92156c0cf94c31453593368077f13c183b7	resourcelifetime	pkg/printer/csv_test.go:63:18	resourcelifetime/missing-release	false-positive	aggregate-cleanup	present	present	active-reported	.build/followup207-resource-baseline/doitintl__kube-no-trouble__1009c46ca4.receipt.json	.build/followup207-head-v3/doitintl__kube-no-trouble__1009c46ca4.receipt.json
55	doitintl/kube-no-trouble	2366d92156c0cf94c31453593368077f13c183b7	resourcelifetime	pkg/printer/json_test.go:75:18	resourcelifetime/missing-release	false-positive	aggregate-cleanup	present	present	active-reported	.build/followup207-resource-baseline/doitintl__kube-no-trouble__1009c46ca4.receipt.json	.build/followup207-head-v3/doitintl__kube-no-trouble__1009c46ca4.receipt.json
55	doitintl/kube-no-trouble	2366d92156c0cf94c31453593368077f13c183b7	resourcelifetime	pkg/printer/printer_test.go:129:18	resourcelifetime/missing-release	false-positive	aggregate-cleanup	present	present	active-reported	.build/followup207-resource-baseline/doitintl__kube-no-trouble__1009c46ca4.receipt.json	.build/followup207-head-v3/doitintl__kube-no-trouble__1009c46ca4.receipt.json
55	doitintl/kube-no-trouble	2366d92156c0cf94c31453593368077f13c183b7	resourcelifetime	pkg/printer/printer_test.go:48:18	resourcelifetime/missing-release	false-positive	aggregate-cleanup	present	present	active-reported	.build/followup207-resource-baseline/doitintl__kube-no-trouble__1009c46ca4.receipt.json	.build/followup207-head-v3/doitintl__kube-no-trouble__1009c46ca4.receipt.json
55	doitintl/kube-no-trouble	2366d92156c0cf94c31453593368077f13c183b7	resourcelifetime	pkg/printer/text_test.go:62:18	resourcelifetime/missing-release	false-positive	aggregate-cleanup	present	present	active-reported	.build/followup207-resource-baseline/doitintl__kube-no-trouble__1009c46ca4.receipt.json	.build/followup207-head-v3/doitintl__kube-no-trouble__1009c46ca4.receipt.json
55	fastschema/fastschema	813349976c7cf4a884a995f6fcad9aace08b1541	resourcelifetime	pkg/zaplogger/zap.go:40:16	resourcelifetime/missing-release	false-positive	returned-or-retained-owner	present	present	active-reported	.build/followup207-resource-baseline/fastschema__fastschema__31c14f4294.receipt.json	.build/followup207-head-v3/fastschema__fastschema__31c14f4294.receipt.json
55	google/codesearch	74a12a911a79b901d1158c48d011b2da1b090fc9	resourcelifetime	cmd/csearch/csearch.go:163:23	resourcelifetime/missing-release	false-positive	process-bounded-lifetime	present	present	active-reported	.build/followup207-resource-baseline/google__codesearch__18a2834eaa.receipt.json	.build/followup207-head-v3/google__codesearch__18a2834eaa.receipt.json
55	lich0821/ccNexus	55887d232555f94ea4db621a5a7e65430eebf0d7	resourcelifetime	internal/transformer/tool_chain.go:121:15	resourcelifetime/missing-release	false-positive	returned-or-retained-owner	present	absent	verified-absent	.build/followup207-resource-baseline/lich0821__ccNexus__f6d63f21b1.receipt.json	.build/followup207-head-v3/lich0821__ccNexus__f6d63f21b1.receipt.json
55	opencontainers/umoci	f5d1219acaf67127ebacf6306776d3ff465735ea	resourcelifetime	pkg/unpriv/unpriv_test.go:1008:11	resourcelifetime/missing-release	false-positive	fixture-prevents-acquisition	present	present	active-reported	.build/followup207-resource-baseline/opencontainers__umoci__40db2051bb.receipt.json	.build/followup207-head-v3/opencontainers__umoci__40db2051bb.receipt.json
55	opencontainers/umoci	f5d1219acaf67127ebacf6306776d3ff465735ea	resourcelifetime	pkg/unpriv/unpriv_test.go:948:11	resourcelifetime/missing-release	false-positive	fixture-prevents-acquisition	present	present	active-reported	.build/followup207-resource-baseline/opencontainers__umoci__40db2051bb.receipt.json	.build/followup207-head-v3/opencontainers__umoci__40db2051bb.receipt.json
55	openkruise/kruise-game	16a0418780d8abd3ee871448116bbc5dc1e98d48	resourcelifetime	test/e2e/framework/framework.go:549:17	resourcelifetime/missing-release	false-positive	captured-cell-cleanup	present	absent	verified-absent	.build/followup207-resource-baseline/openkruise__kruise-game__96af4e8aa9.receipt.json	.build/followup207-head-v3/openkruise__kruise-game__96af4e8aa9.receipt.json
55	pion/ice	e50946b37e6f3f95cfd0ccf47578f3fc654675b8	resourcelifetime	examples/automatic-renomination/main.go:168:12	resourcelifetime/missing-release	false-positive	memory-or-empty-http-body	present	present	active-reported	.build/followup207-resource-baseline/pion__ice__cf38d9055e.receipt.json	.build/followup207-head-v3/pion__ice__cf38d9055e.receipt.json
55	pion/ice	e50946b37e6f3f95cfd0ccf47578f3fc654675b8	resourcelifetime	examples/automatic-renomination/main.go:211:11	resourcelifetime/missing-release	false-positive	memory-or-empty-http-body	present	present	active-reported	.build/followup207-resource-baseline/pion__ice__cf38d9055e.receipt.json	.build/followup207-head-v3/pion__ice__cf38d9055e.receipt.json
55	pion/ice	e50946b37e6f3f95cfd0ccf47578f3fc654675b8	resourcelifetime	examples/ping-pong/main.go:102:12	resourcelifetime/missing-release	false-positive	memory-or-empty-http-body	present	present	active-reported	.build/followup207-resource-baseline/pion__ice__ba541e727a.receipt.json	.build/followup207-head-v3/pion__ice__ba541e727a.receipt.json
55	quickfixgo/quickfix	2600e522adb02eeae5952e98929dce746a85c798	resourcelifetime	log/file/file_log.go:93:22	resourcelifetime/missing-release	false-positive	returned-or-retained-owner	present	absent	verified-absent	.build/followup207-resource-baseline/quickfixgo__quickfix__3089339c9e.receipt.json	.build/followup207-head-v3/quickfixgo__quickfix__3089339c9e.receipt.json
55	ribice/gorsk	ccda17ecb185ece9d791ce6042569aa97f0547d6	resourcelifetime	pkg/utl/middleware/secure/secure_test.go:47:13	resourcelifetime/missing-release	false-positive	memory-or-empty-http-body	present	present	active-reported	.build/followup207-resource-baseline/ribice__gorsk__b477872717.receipt.json	.build/followup207-head-v3/ribice__gorsk__b477872717.receipt.json
55	WireGuard/wireguard-go	ecfc5a8d54462e18e13c72173e2623d16d8e25a0	resourcelifetime	main.go:186:18	resourcelifetime/missing-release	false-positive	process-bounded-lifetime	present	present	active-reported	.build/followup207-resource-baseline/WireGuard__wireguard-go__66f4d31457.receipt.json	.build/followup207-head-v3/WireGuard__wireguard-go__66f4d31457.receipt.json
55	WireGuard/wireguard-go	ecfc5a8d54462e18e13c72173e2623d16d8e25a0	resourcelifetime	main.go:190:18	resourcelifetime/missing-release	false-positive	process-bounded-lifetime	present	present	active-reported	.build/followup207-resource-baseline/WireGuard__wireguard-go__66f4d31457.receipt.json	.build/followup207-head-v3/WireGuard__wireguard-go__66f4d31457.receipt.json
55	WireGuard/wireguard-go	ecfc5a8d54462e18e13c72173e2623d16d8e25a0	resourcelifetime	main.go:191:18	resourcelifetime/missing-release	false-positive	process-bounded-lifetime	present	present	active-reported	.build/followup207-resource-baseline/WireGuard__wireguard-go__66f4d31457.receipt.json	.build/followup207-head-v3/WireGuard__wireguard-go__66f4d31457.receipt.json
55	WireGuard/wireguard-go	ecfc5a8d54462e18e13c72173e2623d16d8e25a0	resourcelifetime	main.go:192:18	resourcelifetime/missing-release	false-positive	process-bounded-lifetime	present	present	active-reported	.build/followup207-resource-baseline/WireGuard__wireguard-go__66f4d31457.receipt.json	.build/followup207-head-v3/WireGuard__wireguard-go__66f4d31457.receipt.json
55	zerodha/dungbeetle	12d7c8e832b2af8f78fc3525612aca1477184d7a	resourcelifetime	internal/core/core.go:477:15	resourcelifetime/missing-release	false-positive	sql-context-completion	present	present	active-reported	.build/followup207-resource-baseline/zerodha__dungbeetle__dbc52ddf8c.receipt.json	.build/followup207-head-v3/zerodha__dungbeetle__dbc52ddf8c.receipt.json
51	checkmake/checkmake	a413df2724416bbeebdc0132e589b10005840fd8	resourcelifetime	parser/parser.go:92:17	resourcelifetime/missing-release	true-positive	known-bug-control	present	present	control-retained	.build/followup207-resource-baseline/checkmake__checkmake__073c1d5a68.receipt.json	.build/followup207-head-v3/checkmake__checkmake__073c1d5a68.receipt.json
51	checkmake/checkmake	a413df2724416bbeebdc0132e589b10005840fd8	resourcelifetime	parser/scanner_test.go:8:12	resourcelifetime/missing-release	true-positive	known-bug-control	present	present	control-retained	.build/followup207-resource-baseline/checkmake__checkmake__073c1d5a68.receipt.json	.build/followup207-head-v3/checkmake__checkmake__073c1d5a68.receipt.json
51	golang/sys	01b91195d9aeaba1dab70b882a12f741f568a510	resourcelifetime	unix/sendfile_test.go:55:14	resourcelifetime/missing-release	true-positive	known-bug-control	present	present	control-retained	.build/followup207-resource-baseline/golang__sys__e12609d035.receipt.json	.build/followup207-head-v3/golang__sys__e12609d035.receipt.json
51	golang/sys	01b91195d9aeaba1dab70b882a12f741f568a510	resourcelifetime	unix/syscall_unix_test.go:471:19	resourcelifetime/missing-release	true-positive	known-bug-control	present	present	control-retained	.build/followup207-resource-baseline/golang__sys__e12609d035.receipt.json	.build/followup207-head-v3/golang__sys__e12609d035.receipt.json
51	h44z/wg-portal	eb44c8c4ff120f34c26b2415c47560f4fba0603c	resourcelifetime	internal/lowlevel/pfsense.go:332:60	resourcelifetime/missing-release	true-positive	known-bug-control	absent	absent	control-baseline-miss	.build/followup207-resource-baseline/h44z__wg-portal__48ffa1f222.receipt.json	.build/followup207-head-v3/h44z__wg-portal__48ffa1f222.receipt.json
51	h44z/wg-portal	eb44c8c4ff120f34c26b2415c47560f4fba0603c	resourcelifetime	internal/lowlevel/pfsense.go:355:58	resourcelifetime/missing-release	true-positive	known-bug-control	absent	absent	control-baseline-miss	.build/followup207-resource-baseline/h44z__wg-portal__48ffa1f222.receipt.json	.build/followup207-head-v3/h44z__wg-portal__48ffa1f222.receipt.json
51	h44z/wg-portal	eb44c8c4ff120f34c26b2415c47560f4fba0603c	resourcelifetime	internal/lowlevel/pfsense.go:378:58	resourcelifetime/missing-release	true-positive	known-bug-control	absent	absent	control-baseline-miss	.build/followup207-resource-baseline/h44z__wg-portal__48ffa1f222.receipt.json	.build/followup207-head-v3/h44z__wg-portal__48ffa1f222.receipt.json
51	h44z/wg-portal	eb44c8c4ff120f34c26b2415c47560f4fba0603c	resourcelifetime	internal/lowlevel/pfsense.go:401:58	resourcelifetime/missing-release	true-positive	known-bug-control	absent	absent	control-baseline-miss	.build/followup207-resource-baseline/h44z__wg-portal__48ffa1f222.receipt.json	.build/followup207-head-v3/h44z__wg-portal__48ffa1f222.receipt.json
51	h44z/wg-portal	eb44c8c4ff120f34c26b2415c47560f4fba0603c	resourcelifetime	internal/lowlevel/pfsense.go:424:54	resourcelifetime/missing-release	true-positive	known-bug-control	absent	absent	control-baseline-miss	.build/followup207-resource-baseline/h44z__wg-portal__48ffa1f222.receipt.json	.build/followup207-head-v3/h44z__wg-portal__48ffa1f222.receipt.json
51	muety/wakapi	be6aeb483e576dadd50c8e9d404efbe4ed8df700	resourcelifetime	services/imports/wakatime_heartbeats.go:156:14	resourcelifetime/missing-release	true-positive	known-bug-control	present	present	control-retained	.build/followup207-resource-baseline/muety__wakapi__3741403dd3.receipt.json	.build/followup207-head-v3/muety__wakapi__3741403dd3.receipt.json
51	muety/wakapi	be6aeb483e576dadd50c8e9d404efbe4ed8df700	resourcelifetime	services/imports/wakatime_heartbeats.go:184:14	resourcelifetime/missing-release	true-positive	known-bug-control	present	present	control-retained	.build/followup207-resource-baseline/muety__wakapi__3741403dd3.receipt.json	.build/followup207-head-v3/muety__wakapi__3741403dd3.receipt.json
51	regclient/regclient	43d2acb9fafd411acbe081bf6c4b6b82cadc6251	resourcelifetime	cmd/regctl/blob.go:544:12	resourcelifetime/missing-release	true-positive	known-bug-control	present	present	control-retained	.build/followup207-resource-baseline/regclient__regclient__5910d4c0d3.receipt.json	.build/followup207-head-v3/regclient__regclient__5910d4c0d3.receipt.json
51	regclient/regclient	43d2acb9fafd411acbe081bf6c4b6b82cadc6251	resourcelifetime	cmd/regctl/image.go:1503:12	resourcelifetime/missing-release	true-positive	known-bug-control	present	present	control-retained	.build/followup207-resource-baseline/regclient__regclient__5910d4c0d3.receipt.json	.build/followup207-head-v3/regclient__regclient__5910d4c0d3.receipt.json
51	regclient/regclient	43d2acb9fafd411acbe081bf6c4b6b82cadc6251	resourcelifetime	scheme/ocidir/blob.go:132:18	resourcelifetime/missing-release	true-positive	known-bug-control	present	present	control-retained	.build/followup207-resource-baseline/regclient__regclient__4cd6f1901f.receipt.json	.build/followup207-head-v3/regclient__regclient__4cd6f1901f.receipt.json
51	regclient/regclient	43d2acb9fafd411acbe081bf6c4b6b82cadc6251	resourcelifetime	scheme/ocidir/manifest.go:280:18	resourcelifetime/missing-release	true-positive	known-bug-control	present	present	control-retained	.build/followup207-resource-baseline/regclient__regclient__4cd6f1901f.receipt.json	.build/followup207-head-v3/regclient__regclient__4cd6f1901f.receipt.json
51	regclient/regclient	43d2acb9fafd411acbe081bf6c4b6b82cadc6251	resourcelifetime	scheme/ocidir/ocidir.go:293:18	resourcelifetime/missing-release	true-positive	known-bug-control	present	present	control-retained	.build/followup207-resource-baseline/regclient__regclient__4cd6f1901f.receipt.json	.build/followup207-head-v3/regclient__regclient__4cd6f1901f.receipt.json
52	SignTools/SignTools	243154c0de9e8036bcd667c3264dafac3d8b0b42	resourcelifetime	main.go:606:16	resourcelifetime/missing-release	true-positive	known-bug-control	present	present	control-retained	.build/followup207-resource-baseline/SignTools__SignTools__aecca360ab.receipt.json	.build/followup207-head-v3/SignTools__SignTools__aecca360ab.receipt.json
52	SignTools/SignTools	243154c0de9e8036bcd667c3264dafac3d8b0b42	resourcelifetime	main_test.go:220:15	resourcelifetime/missing-release	true-positive	known-bug-control	present	present	control-retained	.build/followup207-resource-baseline/SignTools__SignTools__aecca360ab.receipt.json	.build/followup207-head-v3/SignTools__SignTools__aecca360ab.receipt.json
52	SignTools/SignTools	243154c0de9e8036bcd667c3264dafac3d8b0b42	resourcelifetime	main_test.go:229:15	resourcelifetime/missing-release	true-positive	known-bug-control	present	present	control-retained	.build/followup207-resource-baseline/SignTools__SignTools__aecca360ab.receipt.json	.build/followup207-head-v3/SignTools__SignTools__aecca360ab.receipt.json
52	SignTools/SignTools	243154c0de9e8036bcd667c3264dafac3d8b0b42	resourcelifetime	main_test.go:252:15	resourcelifetime/missing-release	true-positive	known-bug-control	present	present	control-retained	.build/followup207-resource-baseline/SignTools__SignTools__aecca360ab.receipt.json	.build/followup207-head-v3/SignTools__SignTools__aecca360ab.receipt.json
52	SignTools/SignTools	243154c0de9e8036bcd667c3264dafac3d8b0b42	resourcelifetime	main_test.go:261:15	resourcelifetime/missing-release	true-positive	known-bug-control	present	present	control-retained	.build/followup207-resource-baseline/SignTools__SignTools__aecca360ab.receipt.json	.build/followup207-head-v3/SignTools__SignTools__aecca360ab.receipt.json
52	SignTools/SignTools	243154c0de9e8036bcd667c3264dafac3d8b0b42	resourcelifetime	main_test.go:279:15	resourcelifetime/missing-release	true-positive	known-bug-control	present	present	control-retained	.build/followup207-resource-baseline/SignTools__SignTools__aecca360ab.receipt.json	.build/followup207-head-v3/SignTools__SignTools__aecca360ab.receipt.json
52	alexellis/arkade	0a0a800fd7554d4eddb1856f9ef8a21214e95bab	resourcelifetime	pkg/get/download.go:762:22	resourcelifetime/missing-release	true-positive	known-bug-control	present	present	control-retained	.build/followup207-resource-baseline/alexellis__arkade__b37bce3f79.receipt.json	.build/followup207-head-v3/alexellis__arkade__b37bce3f79.receipt.json
52	andydunstall/piko	dd4356dfd307006380794952e4a8ccf9edcfa404	resourcelifetime	server/proxy/server_test.go:360:16	resourcelifetime/missing-release	true-positive	known-bug-control	absent	absent	control-baseline-miss	.build/followup207-resource-baseline/andydunstall__piko__72d519ee9b.receipt.json	.build/followup207-head-v3/andydunstall__piko__72d519ee9b.receipt.json
52	container2wasm/container2wasm	ecb4caa499f19f1d5cfcddd43b80aa78f98e5102	resourcelifetime	cmd/init/main.go:327:14	resourcelifetime/missing-release	true-positive	known-bug-control	present	present	control-retained	.build/followup207-resource-baseline/container2wasm__container2wasm__dcc38cc665.receipt.json	.build/followup207-head-v3/container2wasm__container2wasm__dcc38cc665.receipt.json
52	container2wasm/container2wasm	ecb4caa499f19f1d5cfcddd43b80aa78f98e5102	resourcelifetime	cmd/init/main.go:357:14	resourcelifetime/missing-release	true-positive	known-bug-control	present	present	control-retained	.build/followup207-resource-baseline/container2wasm__container2wasm__dcc38cc665.receipt.json	.build/followup207-head-v3/container2wasm__container2wasm__dcc38cc665.receipt.json
52	fortio/fortio	5c19725ff61c9f7ad944b91ec32d96a399341d87	resourcelifetime	fhttp/httprunner_test.go:323:14	resourcelifetime/missing-release	true-positive	known-bug-control	present	present	control-retained	.build/followup207-resource-baseline/fortio__fortio__9f0788bd3f.receipt.json	.build/followup207-head-v3/fortio__fortio__9f0788bd3f.receipt.json
52	minio/minio-go	32e1f32cb176a611dbed3b37c15fda8c2d9ccf36	resourcelifetime	api-putobject-snowball.go:138:14	resourcelifetime/missing-release	true-positive	known-bug-control	present	present	control-retained	.build/followup207-resource-baseline/minio__minio-go__137eeca4b9.receipt.json	.build/followup207-head-v3/minio__minio-go__137eeca4b9.receipt.json
52	testcontainers/testcontainers-go	096293a2dfd3067dae1c4921ad1f5e45e879dc91	resourcelifetime	container_file_test.go:20:12	resourcelifetime/missing-release	true-positive	known-bug-control	present	present	control-retained	.build/followup207-resource-baseline/testcontainers__testcontainers-go__40aac55a4f.receipt.json	.build/followup207-head-v3/testcontainers__testcontainers-go__40aac55a4f.receipt.json
52	testcontainers/testcontainers-go	096293a2dfd3067dae1c4921ad1f5e45e879dc91	resourcelifetime	docker_test.go:142:11	resourcelifetime/missing-release	true-positive	known-bug-control	present	present	control-retained	.build/followup207-resource-baseline/testcontainers__testcontainers-go__40aac55a4f.receipt.json	.build/followup207-head-v3/testcontainers__testcontainers-go__40aac55a4f.receipt.json
52	testcontainers/testcontainers-go	096293a2dfd3067dae1c4921ad1f5e45e879dc91	resourcelifetime	docker_test.go:148:11	resourcelifetime/missing-release	true-positive	known-bug-control	present	present	control-retained	.build/followup207-resource-baseline/testcontainers__testcontainers-go__40aac55a4f.receipt.json	.build/followup207-head-v3/testcontainers__testcontainers-go__40aac55a4f.receipt.json
52	testcontainers/testcontainers-go	096293a2dfd3067dae1c4921ad1f5e45e879dc91	resourcelifetime	docker_test.go:83:11	resourcelifetime/missing-release	true-positive	known-bug-control	present	present	control-retained	.build/followup207-resource-baseline/testcontainers__testcontainers-go__40aac55a4f.receipt.json	.build/followup207-head-v3/testcontainers__testcontainers-go__40aac55a4f.receipt.json
52	testcontainers/testcontainers-go	096293a2dfd3067dae1c4921ad1f5e45e879dc91	resourcelifetime	docker_test.go:846:9	resourcelifetime/missing-release	true-positive	known-bug-control	present	present	control-retained	.build/followup207-resource-baseline/testcontainers__testcontainers-go__40aac55a4f.receipt.json	.build/followup207-head-v3/testcontainers__testcontainers-go__40aac55a4f.receipt.json
52	testcontainers/testcontainers-go	096293a2dfd3067dae1c4921ad1f5e45e879dc91	resourcelifetime	file_test.go:174:14	resourcelifetime/missing-release	true-positive	known-bug-control	present	present	control-retained	.build/followup207-resource-baseline/testcontainers__testcontainers-go__40aac55a4f.receipt.json	.build/followup207-head-v3/testcontainers__testcontainers-go__40aac55a4f.receipt.json
52	tus/tusd	c9d174d0e20c69f24e9785d2f639df4da1c4fdc5	resourcelifetime	internal/e2e/e2e_test.go:108:13	resourcelifetime/missing-release	true-positive	known-bug-control	present	present	control-retained	.build/followup207-resource-baseline/tus__tusd__ed1ae9e9a1.receipt.json	.build/followup207-head-v3/tus__tusd__ed1ae9e9a1.receipt.json
52	vmware/govmomi	f621178aa667761021673d64430b751e8352823c	resourcelifetime	simulator/datastore_test.go:484:14	resourcelifetime/missing-release	true-positive	known-bug-control	present	present	control-retained	.build/followup207-resource-baseline/vmware__govmomi__7e62fd211f.receipt.json	.build/followup207-head-v3/vmware__govmomi__7e62fd211f.receipt.json
52	vmware/govmomi	f621178aa667761021673d64430b751e8352823c	resourcelifetime	vmdk/import.go:310:12	resourcelifetime/missing-release	true-positive	known-bug-control	present	present	control-retained	.build/followup207-resource-baseline/vmware__govmomi__9b5424aa53.receipt.json	.build/followup207-head-v3/vmware__govmomi__9b5424aa53.receipt.json
52	vmware/govmomi	f621178aa667761021673d64430b751e8352823c	resourcelifetime	vmdk/import.go:73:12	resourcelifetime/missing-release	true-positive	known-bug-control	present	present	control-retained	.build/followup207-resource-baseline/vmware__govmomi__9b5424aa53.receipt.json	.build/followup207-head-v3/vmware__govmomi__9b5424aa53.receipt.json
52	zmap/zgrab2	a1231792c51576f1818825fae51db042b4dcd41e	resourcelifetime	lib/http/transfer_test.go:120:13	resourcelifetime/missing-release	true-positive	known-bug-control	present	present	control-retained	.build/followup207-resource-baseline/zmap__zgrab2__db52e80134.receipt.json	.build/followup207-head-v3/zmap__zgrab2__db52e80134.receipt.json
52	zmap/zgrab2	a1231792c51576f1818825fae51db042b4dcd41e	resourcelifetime	lib/http/transport_test.go:6189:13	resourcelifetime/missing-release	true-positive	known-bug-control	present	present	control-retained	.build/followup207-resource-baseline/zmap__zgrab2__db52e80134.receipt.json	.build/followup207-head-v3/zmap__zgrab2__db52e80134.receipt.json
53	XmirrorSecurity/OpenSCA-cli	7628bb0817054347d4d031292977ca059a78009a	resourcelifetime	opensca/walk/download.go:172:12	resourcelifetime/missing-release	true-positive	known-bug-control	present	present	control-retained	.build/followup207-resource-baseline/XmirrorSecurity__OpenSCA-cli__f1688fdd6b.receipt.json	.build/followup207-head-v3/XmirrorSecurity__OpenSCA-cli__f1688fdd6b.receipt.json
53	buchgr/bazel-remote	a69b6b5ed933234d93b489ffd216bee5bb74aa06	resourcelifetime	cache/httpproxy/httpproxy.go:169:14	resourcelifetime/missing-release	true-positive	known-bug-control	present	present	control-retained	.build/followup207-resource-baseline/buchgr__bazel-remote__54c4da7329.receipt.json	.build/followup207-head-v3/buchgr__bazel-remote__54c4da7329.receipt.json
53	buchgr/bazel-remote	a69b6b5ed933234d93b489ffd216bee5bb74aa06	resourcelifetime	cache/httpproxy/httpproxy.go:81:13	resourcelifetime/missing-release	true-positive	known-bug-control	present	present	control-retained	.build/followup207-resource-baseline/buchgr__bazel-remote__54c4da7329.receipt.json	.build/followup207-head-v3/buchgr__bazel-remote__54c4da7329.receipt.json
54	agola-io/agola	a5ca7877e3b77d38c6fd24a0f16d7267fc2dea12	resourcelifetime	tests/api_test.go:3072:12	resourcelifetime/missing-release	true-positive	known-bug-control	present	present	control-retained	.build/followup207-resource-baseline/agola-io__agola__7391e74a01.receipt.json	.build/followup207-head-v3/agola-io__agola__7391e74a01.receipt.json
54	agola-io/agola	a5ca7877e3b77d38c6fd24a0f16d7267fc2dea12	resourcelifetime	tests/api_test.go:3083:11	resourcelifetime/missing-release	true-positive	known-bug-control	present	present	control-retained	.build/followup207-resource-baseline/agola-io__agola__7391e74a01.receipt.json	.build/followup207-head-v3/agola-io__agola__7391e74a01.receipt.json
54	agola-io/agola	a5ca7877e3b77d38c6fd24a0f16d7267fc2dea12	resourcelifetime	tests/setup_test.go:163:16	resourcelifetime/missing-release	true-positive	known-bug-control	present	present	control-retained	.build/followup207-resource-baseline/agola-io__agola__7391e74a01.receipt.json	.build/followup207-head-v3/agola-io__agola__7391e74a01.receipt.json
54	antonmedv/gitmal	83be9ddcf82e8a90ea50a9d54c1ebfc3e22ace16	resourcelifetime	commit.go:145:12	resourcelifetime/missing-release	true-positive	known-bug-control	present	present	control-retained	.build/followup207-resource-baseline/antonmedv__gitmal__7881c8cfdd.receipt.json	.build/followup207-head-v3/antonmedv__gitmal__7881c8cfdd.receipt.json
54	megaease/easeprobe	5396580193dfbc305f5586e5c1588010fdcc3e13	resourcelifetime	daemon/daemon_test.go:103:14	resourcelifetime/missing-release	true-positive	known-bug-control	present	present	control-retained	.build/followup207-resource-baseline/megaease__easeprobe__9f1dc0cf60.receipt.json	.build/followup207-head-v3/megaease__easeprobe__9f1dc0cf60.receipt.json
54	ozontech/file.d	5379bc2005906fde3aa0a05f6bf574dcd7111404	resourcelifetime	plugin/input/file/file_test.go:169:15	resourcelifetime/missing-release	true-positive	known-bug-control	present	present	control-retained	.build/followup207-resource-baseline/ozontech__file.d__474df354a5.receipt.json	.build/followup207-head-v3/ozontech__file.d__474df354a5.receipt.json
54	ozontech/file.d	5379bc2005906fde3aa0a05f6bf574dcd7111404	resourcelifetime	plugin/input/file/file_test.go:179:15	resourcelifetime/missing-release	true-positive	known-bug-control	present	present	control-retained	.build/followup207-resource-baseline/ozontech__file.d__474df354a5.receipt.json	.build/followup207-head-v3/ozontech__file.d__474df354a5.receipt.json
54	ozontech/file.d	5379bc2005906fde3aa0a05f6bf574dcd7111404	resourcelifetime	plugin/input/file/file_test.go:188:15	resourcelifetime/missing-release	true-positive	known-bug-control	present	present	control-retained	.build/followup207-resource-baseline/ozontech__file.d__474df354a5.receipt.json	.build/followup207-head-v3/ozontech__file.d__474df354a5.receipt.json
54	protomaps/go-pmtiles	a3e4951ea6a0477b784c27c1dcbfd9c130878c5a	resourcelifetime	pmtiles/cluster.go:11:15	resourcelifetime/missing-release	true-positive	known-bug-control	present	present	control-retained	.build/followup207-resource-baseline/protomaps__go-pmtiles__1c53f0e7fe.receipt.json	.build/followup207-head-v3/protomaps__go-pmtiles__1c53f0e7fe.receipt.json
54	protomaps/go-pmtiles	a3e4951ea6a0477b784c27c1dcbfd9c130878c5a	resourcelifetime	pmtiles/makesync.go:79:15	resourcelifetime/missing-release	true-positive	known-bug-control	present	present	control-retained	.build/followup207-resource-baseline/protomaps__go-pmtiles__1c53f0e7fe.receipt.json	.build/followup207-head-v3/protomaps__go-pmtiles__1c53f0e7fe.receipt.json
54	protomaps/go-pmtiles	a3e4951ea6a0477b784c27c1dcbfd9c130878c5a	resourcelifetime	pmtiles/sync.go:253:19	resourcelifetime/missing-release	true-positive	known-bug-control	present	present	control-retained	.build/followup207-resource-baseline/protomaps__go-pmtiles__1c53f0e7fe.receipt.json	.build/followup207-head-v3/protomaps__go-pmtiles__1c53f0e7fe.receipt.json
54	protomaps/go-pmtiles	a3e4951ea6a0477b784c27c1dcbfd9c130878c5a	resourcelifetime	pmtiles/sync.go:259:15	resourcelifetime/missing-release	true-positive	known-bug-control	present	present	control-retained	.build/followup207-resource-baseline/protomaps__go-pmtiles__1c53f0e7fe.receipt.json	.build/followup207-head-v3/protomaps__go-pmtiles__1c53f0e7fe.receipt.json
54	protomaps/go-pmtiles	a3e4951ea6a0477b784c27c1dcbfd9c130878c5a	resourcelifetime	pmtiles/sync.go:277:15	resourcelifetime/missing-release	true-positive	known-bug-control	present	present	control-retained	.build/followup207-resource-baseline/protomaps__go-pmtiles__1c53f0e7fe.receipt.json	.build/followup207-head-v3/protomaps__go-pmtiles__1c53f0e7fe.receipt.json
54	protomaps/go-pmtiles	a3e4951ea6a0477b784c27c1dcbfd9c130878c5a	resourcelifetime	pmtiles/sync.go:284:15	resourcelifetime/missing-release	true-positive	known-bug-control	present	present	control-retained	.build/followup207-resource-baseline/protomaps__go-pmtiles__1c53f0e7fe.receipt.json	.build/followup207-head-v3/protomaps__go-pmtiles__1c53f0e7fe.receipt.json
54	protomaps/go-pmtiles	a3e4951ea6a0477b784c27c1dcbfd9c130878c5a	resourcelifetime	pmtiles/sync.go:323:17	resourcelifetime/missing-release	true-positive	known-bug-control	present	present	control-retained	.build/followup207-resource-baseline/protomaps__go-pmtiles__1c53f0e7fe.receipt.json	.build/followup207-head-v3/protomaps__go-pmtiles__1c53f0e7fe.receipt.json
54	protomaps/go-pmtiles	a3e4951ea6a0477b784c27c1dcbfd9c130878c5a	resourcelifetime	pmtiles/sync.go:80:15	resourcelifetime/missing-release	true-positive	known-bug-control	present	present	control-retained	.build/followup207-resource-baseline/protomaps__go-pmtiles__1c53f0e7fe.receipt.json	.build/followup207-head-v3/protomaps__go-pmtiles__1c53f0e7fe.receipt.json
54	quackduck/devzat	a4a1be9e0dd5c7d771462970aa8359ae4b918c12	resourcelifetime	slack.go:31:16	resourcelifetime/missing-release	true-positive	known-bug-control	present	present	control-retained	.build/followup207-resource-baseline/quackduck__devzat__e321cd18d9.receipt.json	.build/followup207-head-v3/quackduck__devzat__e321cd18d9.receipt.json
55	Deep-ai-inc/ch.at	f888890e77f3d766c67be2544371d8c3b7a14fa5	resourcelifetime	cmd/selftest/main.go:138:14	resourcelifetime/missing-release	true-positive	known-bug-control	present	present	control-retained	.build/followup207-resource-baseline/Deep-ai-inc__ch.at__32fda2e83c.receipt.json	.build/followup207-head-v3/Deep-ai-inc__ch.at__32fda2e83c.receipt.json
55	Deep-ai-inc/ch.at	f888890e77f3d766c67be2544371d8c3b7a14fa5	resourcelifetime	cmd/selftest/main.go:172:14	resourcelifetime/missing-release	true-positive	known-bug-control	present	present	control-retained	.build/followup207-resource-baseline/Deep-ai-inc__ch.at__32fda2e83c.receipt.json	.build/followup207-head-v3/Deep-ai-inc__ch.at__32fda2e83c.receipt.json
55	doitintl/kube-no-trouble	2366d92156c0cf94c31453593368077f13c183b7	resourcelifetime	pkg/printer/csv_test.go:39:18	resourcelifetime/missing-release	true-positive	known-bug-control	present	present	control-retained	.build/followup207-resource-baseline/doitintl__kube-no-trouble__1009c46ca4.receipt.json	.build/followup207-head-v3/doitintl__kube-no-trouble__1009c46ca4.receipt.json
55	doitintl/kube-no-trouble	2366d92156c0cf94c31453593368077f13c183b7	resourcelifetime	pkg/printer/csv_test.go:9:18	resourcelifetime/missing-release	true-positive	known-bug-control	present	present	control-retained	.build/followup207-resource-baseline/doitintl__kube-no-trouble__1009c46ca4.receipt.json	.build/followup207-head-v3/doitintl__kube-no-trouble__1009c46ca4.receipt.json
55	doitintl/kube-no-trouble	2366d92156c0cf94c31453593368077f13c183b7	resourcelifetime	pkg/printer/json_test.go:13:18	resourcelifetime/missing-release	true-positive	known-bug-control	present	present	control-retained	.build/followup207-resource-baseline/doitintl__kube-no-trouble__1009c46ca4.receipt.json	.build/followup207-head-v3/doitintl__kube-no-trouble__1009c46ca4.receipt.json
55	doitintl/kube-no-trouble	2366d92156c0cf94c31453593368077f13c183b7	resourcelifetime	pkg/printer/printer_helper_test.go:28:20	resourcelifetime/missing-release	true-positive	known-bug-control	present	present	control-retained	.build/followup207-resource-baseline/doitintl__kube-no-trouble__1009c46ca4.receipt.json	.build/followup207-head-v3/doitintl__kube-no-trouble__1009c46ca4.receipt.json
55	doitintl/kube-no-trouble	2366d92156c0cf94c31453593368077f13c183b7	resourcelifetime	pkg/printer/printer_test.go:15:18	resourcelifetime/missing-release	true-positive	known-bug-control	present	present	control-retained	.build/followup207-resource-baseline/doitintl__kube-no-trouble__1009c46ca4.receipt.json	.build/followup207-head-v3/doitintl__kube-no-trouble__1009c46ca4.receipt.json
55	doitintl/kube-no-trouble	2366d92156c0cf94c31453593368077f13c183b7	resourcelifetime	pkg/printer/text_test.go:39:18	resourcelifetime/missing-release	true-positive	known-bug-control	present	present	control-retained	.build/followup207-resource-baseline/doitintl__kube-no-trouble__1009c46ca4.receipt.json	.build/followup207-head-v3/doitintl__kube-no-trouble__1009c46ca4.receipt.json
55	doitintl/kube-no-trouble	2366d92156c0cf94c31453593368077f13c183b7	resourcelifetime	pkg/printer/text_test.go:9:18	resourcelifetime/missing-release	true-positive	known-bug-control	present	present	control-retained	.build/followup207-resource-baseline/doitintl__kube-no-trouble__1009c46ca4.receipt.json	.build/followup207-head-v3/doitintl__kube-no-trouble__1009c46ca4.receipt.json
55	quickfixgo/quickfix	2600e522adb02eeae5952e98929dce746a85c798	resourcelifetime	log/file/file_log.go:88:20	resourcelifetime/missing-release	true-positive	known-bug-control	present	present	control-retained	.build/followup207-resource-baseline/quickfixgo__quickfix__3089339c9e.receipt.json	.build/followup207-head-v3/quickfixgo__quickfix__3089339c9e.receipt.json
55	ribice/gorsk	ccda17ecb185ece9d791ce6042569aa97f0547d6	resourcelifetime	pkg/utl/middleware/secure/secure_test.go:30:15	resourcelifetime/missing-release	true-positive	known-bug-control	present	present	control-retained	.build/followup207-resource-baseline/ribice__gorsk__b477872717.receipt.json	.build/followup207-head-v3/ribice__gorsk__b477872717.receipt.json
55	zerodha/dungbeetle	12d7c8e832b2af8f78fc3525612aca1477184d7a	resourcelifetime	internal/core/tasks.go:116:16	resourcelifetime/missing-release	true-positive	known-bug-control	present	present	control-retained	.build/followup207-resource-baseline/zerodha__dungbeetle__dbc52ddf8c.receipt.json	.build/followup207-head-v3/zerodha__dungbeetle__dbc52ddf8c.receipt.json
