scope	version	revision	exit	stderr_bytes	diagnostics	binary_sha256	receipt
lock-fixture	parent		0	0	108	45ebf800ad3c9df687f2d607358da135f1c7e48682d4e4d2d923e5b7c92cae41	.build/goal-private-entry-final/lock-fixture-parent-receipt.json
lock-fixture	current		0	0	108	0af0e315c50a7a5cdcef1286008e9315c459afb808e4e6a3aac6b86407ec43a2	.build/goal-private-entry-final/lock-fixture-current-receipt.json
resource-fixture	parent		0	0	318	45ebf800ad3c9df687f2d607358da135f1c7e48682d4e4d2d923e5b7c92cae41	.build/goal-private-entry-final/resource-fixture-parent-receipt.json
resource-fixture	current		0	0	318	0af0e315c50a7a5cdcef1286008e9315c459afb808e4e6a3aac6b86407ec43a2	.build/goal-private-entry-final/resource-fixture-current-receipt.json
entry-fixture	parent		0	0	6	45ebf800ad3c9df687f2d607358da135f1c7e48682d4e4d2d923e5b7c92cae41	.build/goal-private-entry-final/entry-fixture-parent-receipt.json
entry-fixture	current		0	0	5	0af0e315c50a7a5cdcef1286008e9315c459afb808e4e6a3aac6b86407ec43a2	.build/goal-private-entry-final/entry-fixture-current-receipt.json
boxes	parent	79509f4b6b0e2e7a1d0562139ab4d9946d4be080	0	0	2	45ebf800ad3c9df687f2d607358da135f1c7e48682d4e4d2d923e5b7c92cae41	.build/goal-private-entry-final/boxes-parent-receipt.json
boxes	current	79509f4b6b0e2e7a1d0562139ab4d9946d4be080	0	0	1	0af0e315c50a7a5cdcef1286008e9315c459afb808e4e6a3aac6b86407ec43a2	.build/goal-private-entry-final/boxes-current-receipt.json
goiardi	parent	937cae400a92d8036b88ae2f65d93506271c292e	0	0	2	45ebf800ad3c9df687f2d607358da135f1c7e48682d4e4d2d923e5b7c92cae41	.build/goal-private-entry-final/goiardi-parent-receipt.json
goiardi	current	937cae400a92d8036b88ae2f65d93506271c292e	0	0	2	0af0e315c50a7a5cdcef1286008e9315c459afb808e4e6a3aac6b86407ec43a2	.build/goal-private-entry-final/goiardi-current-receipt.json
