repository	revision	position	check	original_verdict	family	scope	scan_exit	replay_status	multiplicity	semantic_status	receipt	bead
apache/skywalking-rover	e83d5925500a7e63dd55c080a9b1542d6cedaefb	pkg/tools/buffer/buffer.go:648:5	lockorder/read-lock-write	false-positive	lock-field-association	./pkg/tools/buffer	0	present	2	unresolved	.build/goal-eleven-current/apache__skywalking-rover.json	gohawk-dho.4.3
apache/skywalking-rover	e83d5925500a7e63dd55c080a9b1542d6cedaefb	pkg/tools/buffer/buffer.go:649:5	lockorder/read-lock-write	false-positive	lock-field-association	./pkg/tools/buffer	0	present	2	unresolved	.build/goal-eleven-current/apache__skywalking-rover.json	gohawk-dho.4.3
Debian/dcs	567a9be49163cbf731f25bf79890f692e04d22d9	internal/sourcebackend/sourcebackend.go:433:3	goroutineownership/unjoined	false-positive	producer-consumer-ordering	./internal/sourcebackend	0	present	1	unresolved	.build/goal-eleven-current/Debian__dcs.json	gohawk-dho.4.3
Debian/dcs	567a9be49163cbf731f25bf79890f692e04d22d9	internal/sourcebackend/sourcebackend.go:562:3	goroutineownership/unjoined	false-positive	producer-consumer-ordering	./internal/sourcebackend	0	present	1	unresolved	.build/goal-eleven-current/Debian__dcs.json	gohawk-dho.4.3
PacificStudio/openase	e530faf137e764337d5beaaf68af3be159eb17aa	internal/infra/hook/remote_shell_executor.go:138:2	goroutineownership/unjoined	false-positive	transport-close-completion	./internal/infra/hook	0	absent-with-budget-evidence	0	unresolved	.build/goal-eleven-current/PacificStudio__openase.json	gohawk-dho.4.3
PacificStudio/openase	e530faf137e764337d5beaaf68af3be159eb17aa	internal/infra/hook/remote_shell_executor.go:142:2	goroutineownership/unjoined	false-positive	transport-close-completion	./internal/infra/hook	0	absent-with-budget-evidence	0	unresolved	.build/goal-eleven-current/PacificStudio__openase.json	gohawk-dho.4.3
boxesandglue/boxesandglue	79509f4b6b0e2e7a1d0562139ab4d9946d4be080	helper/pattern.go:79:14	resourcelifetime/missing-release	false-positive	caller-process-exit	./helper	0	present	1	unresolved	.build/goal-eleven-current/boxesandglue__boxesandglue.json	gohawk-dho.4.3
ctdk/goiardi	937cae400a92d8036b88ae2f65d93506271c292e	shovey/sql_funcs.go:460:13	resourcelifetime/missing-release	false-positive	caller-branch-precondition	./shovey	0	present	1	unresolved	.build/goal-eleven-current/ctdk__goiardi.json	gohawk-dho.4.3
ctdk/goiardi	937cae400a92d8036b88ae2f65d93506271c292e	shovey/sql_funcs.go:492:13	resourcelifetime/missing-release	false-positive	caller-branch-precondition	./shovey	0	present	1	unresolved	.build/goal-eleven-current/ctdk__goiardi.json	gohawk-dho.4.3
ferro-labs/ai-gateway	d025ca1a3c6e0c6a83ed7c93147e36f39a1e6cb4	mcp/stdio.go:154:12	processownership/missing-wait	false-positive	transport-start-guarantee	./mcp	0	absent-with-budget-evidence	0	unresolved	.build/goal-eleven-current/ferro-labs__ai-gateway.json	gohawk-dho.4.3
jayu/rev-dep	8a2fdb0927e2fc9b2a5b178c94f55d1887659152	internal/telemetry/telemetry.go:92:12	processownership/missing-wait	false-positive	detached-launch	./internal/telemetry	0	present	1	unresolved	.build/goal-eleven-current/jayu__rev-dep.json	gohawk-dho.4.3
