path	line	function	symbol	review
internal/analyzers/concurrency/concurrentcapture/analyzer.go	20	<package>	Select	pending disposition in gohawk-dho.44.11.5.27.24
internal/analyzers/concurrency/concurrentcapture/analyzer.go	32	Analyzer	Requires	pending disposition in gohawk-dho.44.11.5.27.24
internal/analyzers/concurrency/concurrentcapture/analyzer.go	42	runConcurrentCapture	Provider	pending disposition in gohawk-dho.44.11.5.27.24
internal/analyzers/concurrency/concurrentcapture/guard.go	67	lockGuard	ConcurrencyAtCall	pending disposition in gohawk-dho.44.11.5.27.24
internal/analyzers/concurrency/goroutineownership/analyzer.go	17	<package>	Select	pending disposition in gohawk-dho.44.11.5.27.24
internal/analyzers/concurrency/goroutineownership/analyzer.go	24	Analyzer	Requires	pending disposition in gohawk-dho.44.11.5.27.24
internal/analyzers/concurrency/goroutineownership/caller_bounds.go	178	goroutineReceivesLocallyCanceledContext	Provider	pending disposition in gohawk-dho.44.11.5.27.24
internal/analyzers/concurrency/goroutineownership/caller_bounds.go	178	goroutineReceivesLocallyCanceledContext	LifecycleEvidence	pending disposition in gohawk-dho.44.11.5.27.24
internal/analyzers/concurrency/goroutineownership/classify.go	383	helperAction	Provider	pending disposition in gohawk-dho.44.11.5.27.24
internal/analyzers/concurrency/goroutineownership/classify.go	383	helperAction	Concurrency	pending disposition in gohawk-dho.44.11.5.27.24
internal/analyzers/concurrency/goroutineownership/concurrency.go	25	summarizedJoin	Concurrency	pending disposition in gohawk-dho.44.11.5.27.24
internal/analyzers/concurrency/goroutineownership/concurrency.go	25	summarizedJoin	Provider	pending disposition in gohawk-dho.44.11.5.27.24
internal/analyzers/concurrency/goroutineownership/concurrency.go	57	returnedGroupJoin	Provider	pending disposition in gohawk-dho.44.11.5.27.24
internal/analyzers/concurrency/goroutineownership/concurrency.go	57	returnedGroupJoin	LifecycleEvidence	pending disposition in gohawk-dho.44.11.5.27.24
internal/analyzers/concurrency/goroutineownership/obligation.go	59	resolveSpawnedFunction	LifecycleEvidence	pending disposition in gohawk-dho.44.11.5.27.24
internal/analyzers/concurrency/goroutineownership/obligation.go	59	resolveSpawnedFunction	Provider	pending disposition in gohawk-dho.44.11.5.27.24
internal/analyzers/concurrency/goroutineownership/proof.go	89	prove	Provider	pending disposition in gohawk-dho.44.11.5.27.24
internal/analyzers/concurrency/goroutineownership/proof.go	89	prove	Successors	pending disposition in gohawk-dho.44.11.5.27.24
internal/analyzers/concurrency/goroutineownership/proof.go	89	prove	Provider	pending disposition in gohawk-dho.44.11.5.27.24
internal/analyzers/concurrency/goroutineownership/proof.go	89	prove	Terminates	pending disposition in gohawk-dho.44.11.5.27.24
internal/analyzers/concurrency/goroutineownership/proof.go	380	guardedLocalJoin	Provider	pending disposition in gohawk-dho.44.11.5.27.24
internal/analyzers/concurrency/goroutineownership/proof.go	380	guardedLocalJoin	Successors	pending disposition in gohawk-dho.44.11.5.27.24
internal/analyzers/concurrency/goroutineownership/proof.go	380	guardedLocalJoin	Terminates	pending disposition in gohawk-dho.44.11.5.27.24
internal/analyzers/concurrency/goroutineownership/proof.go	380	guardedLocalJoin	Provider	pending disposition in gohawk-dho.44.11.5.27.24
internal/analyzers/concurrency/goroutineownership/retained_owners.go	63	observesOpaqueWorkerContextWithin	LifecycleEvidence	pending disposition in gohawk-dho.44.11.5.27.24
internal/analyzers/concurrency/goroutineownership/retained_owners.go	63	observesOpaqueWorkerContextWithin	Provider	pending disposition in gohawk-dho.44.11.5.27.24
internal/analyzers/concurrency/goroutineownership/retained_owners.go	201	retainedWorkerOwner	LifecycleEvidence	pending disposition in gohawk-dho.44.11.5.27.24
internal/analyzers/concurrency/goroutineownership/retained_owners.go	201	retainedWorkerOwner	Provider	pending disposition in gohawk-dho.44.11.5.27.24
internal/analyzers/concurrency/lockorder/analyzer.go	58	<package>	Select	pending disposition in gohawk-dho.44.11.5.27.24
internal/analyzers/concurrency/lockorder/analyzer.go	65	Analyzer	Requires	pending disposition in gohawk-dho.44.11.5.27.24
internal/analyzers/concurrency/lockorder/flow_successors.go	26	lockSuccessorStates	Provider	pending disposition in gohawk-dho.44.11.5.27.24
internal/analyzers/concurrency/lockorder/flow_successors.go	26	lockSuccessorStates	FeasibleSuccessors	pending disposition in gohawk-dho.44.11.5.27.24
internal/analyzers/concurrency/lockorder/flow_walk.go	77	run	Provider	pending disposition in gohawk-dho.44.11.5.27.24
internal/analyzers/concurrency/lockorder/flow_walk.go	77	run	TerminatesWithin	pending disposition in gohawk-dho.44.11.5.27.24
internal/analyzers/concurrency/lockorder/setup.go	77	summarize	Provider	pending disposition in gohawk-dho.44.11.5.27.24
internal/analyzers/concurrency/lockorder/setup.go	77	summarize	Concurrency	pending disposition in gohawk-dho.44.11.5.27.24
internal/analyzers/concurrency/producerlifecycle/analyzer.go	19	<package>	Select	pending disposition in gohawk-dho.44.11.5.27.24
internal/analyzers/concurrency/producerlifecycle/analyzer.go	26	Analyzer	Requires	pending disposition in gohawk-dho.44.11.5.27.24
internal/analyzers/concurrency/producerlifecycle/analyzer.go	53	reportAbandonedProducerSends	Provider	pending disposition in gohawk-dho.44.11.5.27.24
internal/analyzers/concurrency/producerlifecycle/analyzer.go	53	reportAbandonedProducerSends	Concurrency	pending disposition in gohawk-dho.44.11.5.27.24
internal/analyzers/resources/cancellationownership/analyzer.go	15	<package>	Select	pending disposition in gohawk-dho.44.11.5.27.24
internal/analyzers/resources/cancellationownership/analyzer.go	22	Analyzer	Requires	pending disposition in gohawk-dho.44.11.5.27.24
internal/analyzers/resources/cancellationownership/analyzer.go	48	runCancellationOwnership	LifecycleEvidence	pending disposition in gohawk-dho.44.11.5.27.24
internal/analyzers/resources/cancellationownership/analyzer.go	48	runCancellationOwnership	Provider	pending disposition in gohawk-dho.44.11.5.27.24
internal/analyzers/resources/cancellationownership/analyzer.go	50	runCancellationOwnership	Provider	pending disposition in gohawk-dho.44.11.5.27.24
internal/analyzers/resources/cancellationownership/proof.go	116	proveCancellation	Successors	pending disposition in gohawk-dho.44.11.5.27.24
internal/analyzers/resources/cancellationownership/proof.go	116	proveCancellation	Terminates	pending disposition in gohawk-dho.44.11.5.27.24
internal/analyzers/resources/cancellationownership/result_guards.go	180	outcomeOfWithin	ResultOf	pending disposition in gohawk-dho.44.11.5.27.24
internal/analyzers/resources/deferinloop/analyzer.go	17	<package>	Select	pending disposition in gohawk-dho.44.11.5.27.24
internal/analyzers/resources/deferinloop/analyzer.go	24	Analyzer	Requires	pending disposition in gohawk-dho.44.11.5.27.24
internal/analyzers/resources/deferinloop/analyzer.go	34	runDeferInLoop	Provider	pending disposition in gohawk-dho.44.11.5.27.24
internal/analyzers/resources/deferinloop/analyzer.go	36	runDeferInLoop	LifecycleEvidence	pending disposition in gohawk-dho.44.11.5.27.24
internal/analyzers/resources/deferinloop/flow.go	76	proveDeferLifetime	FeasibleSuccessors	pending disposition in gohawk-dho.44.11.5.27.24
internal/analyzers/resources/processownership/analyzer.go	20	<package>	Select	pending disposition in gohawk-dho.44.11.5.27.24
internal/analyzers/resources/processownership/analyzer.go	27	Analyzer	Requires	pending disposition in gohawk-dho.44.11.5.27.24
internal/analyzers/resources/processownership/analyzer.go	38	runProcessOwnership	LifecycleEvidence	pending disposition in gohawk-dho.44.11.5.27.24
internal/analyzers/resources/processownership/analyzer.go	38	runProcessOwnership	Provider	pending disposition in gohawk-dho.44.11.5.27.24
internal/analyzers/resources/processownership/analyzer.go	171	reportStartedCommand	Successors	pending disposition in gohawk-dho.44.11.5.27.24
internal/analyzers/resources/processownership/analyzer.go	171	reportStartedCommand	Provider	pending disposition in gohawk-dho.44.11.5.27.24
internal/analyzers/resources/resourcelifetime/acquisition_errors.go	186	errorPredicateAcquisition	Results	pending disposition in gohawk-dho.44.11.5.27.24
internal/analyzers/resources/resourcelifetime/acquisition_errors.go	186	errorPredicateAcquisition	ForFunction	pending disposition in gohawk-dho.44.11.5.27.24
internal/analyzers/resources/resourcelifetime/analyzer.go	18	<package>	Select	pending disposition in gohawk-dho.44.11.5.27.24
internal/analyzers/resources/resourcelifetime/analyzer.go	24	Analyzer	Requires	pending disposition in gohawk-dho.44.11.5.27.24
internal/analyzers/resources/resourcelifetime/analyzer.go	39	runResourceLifetime	Provider	pending disposition in gohawk-dho.44.11.5.27.24
internal/analyzers/resources/resourcelifetime/analyzer.go	44	runResourceLifetime	LifecycleEvidence	pending disposition in gohawk-dho.44.11.5.27.24
internal/analyzers/resources/resourcelifetime/contracts.go	188	cleanupReceiver	ArgumentReturnedUnchanged	pending disposition in gohawk-dho.44.11.5.27.24
internal/analyzers/resources/resourcelifetime/flow.go	76	evaluateResourceFlow	Provider	pending disposition in gohawk-dho.44.11.5.27.24
internal/analyzers/resources/resourcelifetime/flow_returns.go	175	proveReturnedProjection	ProveCallReturnsViewWithin	pending disposition in gohawk-dho.44.11.5.27.24
internal/analyzers/resources/resourcelifetime/flow_walk.go	129	advanceResourceState	TerminatesWithin	pending disposition in gohawk-dho.44.11.5.27.24
internal/analyzers/resources/resourcelifetime/result_guarded_defers.go	127	outcomeOfWithin	ResultOf	pending disposition in gohawk-dho.44.11.5.27.24
internal/analyzers/resources/resourcelifetime/result_guards.go	16	successorPolicy	FeasibleSuccessors	pending disposition in gohawk-dho.44.11.5.27.24
